{"version": "1.0", "generated_at_utc": "2026-05-12 23:06:25", "core_holdings": ["WULF", "CIFR", "IREN", "SLNH", "BGDE", "BTBT"], "peers": ["CORZ", "HUT", "CLSK", "APLD", "MARA", "RIOT", "BTDR", "BITF", "HIVE"], "tickers": [{"ticker": "WULF", "ta": {"ticker": "WULF", "last_close": 22.8, "daily_change_pct": -2.4390243902439037, "rsi_d": 58.48374327189397, "rsi_w": 71.42584975435268, "macd_macd": 1.5772116374736456, "macd_signal": 1.550283179527319, "sma20": 21.560499999999998, "sma50": 18.142399999999995, "sma200": 13.747625000000006, "bb_upper": 24.956064606954225, "bb_lower": 18.16493539304577, "volume": 24860519, "high_d": 23.33, "low_d": 21.635, "summary": "BUY", "error": null}, "sentiment": {"ticker": "WULF", "stocktwits_bull": 18, "stocktwits_bear": 1, "stocktwits_total": 30, "reddit_mentions_7d": 0, "reddit_subs_breakdown": {"wallstreetbets": 0, "stocks": 0, "pennystocks": 0, "Bitcoin": 0, "CryptoCurrency": 0}, "error": "reddit: wallstreetbets: http 403,stocks: http 403,pennystocks: http 403,Bitcoin: http 403,CryptoCurrency: http 403"}, "scores": {"setup": 100, "pivot": 95, "hype_stage": "Building", "sentiment_label": "Heavy bullish"}}, {"ticker": "CIFR", "ta": {"ticker": "CIFR", "last_close": 20.06, "daily_change_pct": -1.0848126232741735, "rsi_d": 58.13859293138924, "rsi_w": 60.19506982332523, "macd_macd": 1.1665221898299407, "macd_signal": 1.064645379877957, "sma20": 18.948249999999998, "sma50": 16.3635, "sma200": 14.922925, "bb_upper": 22.00036611017674, "bb_lower": 15.896133889823256, "volume": 23434136, "high_d": 20.555, "low_d": 18.65, "summary": "BUY", "error": null}, "sentiment": {"ticker": "CIFR", "stocktwits_bull": 14, "stocktwits_bear": 0, "stocktwits_total": 30, "reddit_mentions_7d": 0, "reddit_subs_breakdown": {"wallstreetbets": 0, "stocks": 0, "pennystocks": 0, "Bitcoin": 0, "CryptoCurrency": 0}, "error": "reddit: wallstreetbets: http 403,stocks: http 403,pennystocks: http 403,Bitcoin: http 403,CryptoCurrency: http 403"}, "scores": {"setup": 100, "pivot": 90, "hype_stage": "Building", "sentiment_label": "Heavy bullish"}}, {"ticker": "IREN", "ta": {"ticker": "IREN", "last_close": 56.56, "daily_change_pct": 2.556663644605628, "rsi_d": 59.50030097296086, "rsi_w": 59.9634981132615, "macd_macd": 3.9564406987573406, "macd_signal": 3.1475571750684734, "sma20": 50.56849999999999, "sma50": 43.84730000000005, "sma200": 43.26887500000001, "bb_upper": 61.0049539475821, "bb_lower": 40.132046052417884, "volume": 75959322, "high_d": 57.218, "low_d": 53, "summary": "STRONG_BUY", "error": null}, "sentiment": {"ticker": "IREN", "stocktwits_bull": 16, "stocktwits_bear": 0, "stocktwits_total": 30, "reddit_mentions_7d": 0, "reddit_subs_breakdown": {"wallstreetbets": 0, "stocks": 0, "pennystocks": 0, "Bitcoin": 0, "CryptoCurrency": 0}, "error": "reddit: wallstreetbets: http 403,stocks: http 403,pennystocks: http 403,Bitcoin: http 403,CryptoCurrency: http 403"}, "scores": {"setup": 90, "pivot": 90, "hype_stage": "Building", "sentiment_label": "Heavy bullish"}}, {"ticker": "SLNH", "ta": {"ticker": "SLNH", "last_close": 1.78, "daily_change_pct": 2.890173410404627, "rsi_d": 63.944610732623474, "rsi_w": 59.26176514824455, "macd_macd": 0.20766666552178825, "macd_signal": 0.1749472055833884, "sma20": 1.4065, "sma50": 1.0230199999999996, "sma200": 1.4309259999999993, "bb_upper": 1.884172481937154, "bb_lower": 0.9288275180628462, "volume": 24032477, "high_d": 1.81, "low_d": 1.5, "summary": "BUY", "error": null}, "sentiment": {"ticker": "SLNH", "stocktwits_bull": 15, "stocktwits_bear": 0, "stocktwits_total": 30, "reddit_mentions_7d": 0, "reddit_subs_breakdown": {"wallstreetbets": 0, "stocks": 0, "pennystocks": 0, "Bitcoin": 0, "CryptoCurrency": 0}, "error": "reddit: wallstreetbets: http 403,stocks: http 403,pennystocks: http 403,Bitcoin: http 403,CryptoCurrency: http 403"}, "scores": {"setup": 85, "pivot": 80, "hype_stage": "Hot", "sentiment_label": "Heavy bullish"}}, {"ticker": "BGDE", "ta": {"ticker": "BGDE", "last_close": 6.22, "daily_change_pct": 2.640264026402643, "rsi_d": 57.687918068210486, "rsi_w": 50.84325508006501, "macd_macd": 0.4967791462495903, "macd_signal": 0.5038461221446128, "sma20": 5.8610000000000015, "sma50": 4.06572, "sma200": 8.054994299999999, "bb_upper": 7.719105486779453, "bb_lower": 4.00289451322055, "volume": 152780, "high_d": 6.24, "low_d": 5.665, "summary": "BUY", "error": null}, "sentiment": {"ticker": "BGDE", "stocktwits_bull": 10, "stocktwits_bear": 0, "stocktwits_total": 30, "reddit_mentions_7d": 0, "reddit_subs_breakdown": {"wallstreetbets": 0, "stocks": 0, "pennystocks": 0, "Bitcoin": 0, "CryptoCurrency": 0}, "error": "reddit: wallstreetbets: http 403,stocks: http 403,pennystocks: http 403,Bitcoin: http 403,CryptoCurrency: http 403"}, "scores": {"setup": 75, "pivot": 40, "hype_stage": "Building", "sentiment_label": "Heavy bullish"}}, {"ticker": "BTBT", "ta": {"ticker": "BTBT", "last_close": 1.96, "daily_change_pct": -8.83720930232558, "rsi_d": 61.33025965452753, "rsi_w": 50.79459234361284, "macd_macd": 0.11198474598717811, "macd_signal": 0.06211074427973944, "sma20": 1.6714999999999995, "sma50": 1.5814000000000001, "sma200": 2.383725, "bb_upper": 2.027549153909959, "bb_lower": 1.31545084609004, "volume": 31928837, "high_d": 2.08, "low_d": 1.84, "summary": "BUY", "error": null}, "sentiment": {"ticker": "BTBT", "stocktwits_bull": 14, "stocktwits_bear": 0, "stocktwits_total": 30, "reddit_mentions_7d": 0, "reddit_subs_breakdown": {"wallstreetbets": 0, "stocks": 0, "pennystocks": 0, "Bitcoin": 0, "CryptoCurrency": 0}, "error": "reddit: wallstreetbets: http 403,stocks: http 403,pennystocks: http 403,Bitcoin: http 403,CryptoCurrency: http 403"}, "scores": {"setup": 65, "pivot": 55, "hype_stage": "Hot", "sentiment_label": "Heavy bullish"}}, {"ticker": "CORZ", "ta": {"ticker": "CORZ", "last_close": 22.79, "daily_change_pct": -0.6971677559912861, "rsi_d": 63.113160722457884, "rsi_w": 66.20009299166794, "macd_macd": 1.3382591954320873, "macd_signal": 1.21785967838108, "sma20": 21.092999999999996, "sma50": 18.2398, "sma200": 17.08144999999999, "bb_upper": 23.931944169933686, "bb_lower": 18.254055830066306, "volume": 10095549, "high_d": 22.899, "low_d": 21.69, "summary": "BUY", "error": null}, "sentiment": {"ticker": "CORZ", "stocktwits_bull": 7, "stocktwits_bear": 1, "stocktwits_total": 30, "reddit_mentions_7d": 0, "reddit_subs_breakdown": {"wallstreetbets": 0, "stocks": 0, "pennystocks": 0, "Bitcoin": 0, "CryptoCurrency": 0}, "error": "reddit: wallstreetbets: http 403,stocks: http 403,pennystocks: http 403,Bitcoin: http 403,CryptoCurrency: http 403"}, "scores": {"setup": 90, "pivot": 90, "hype_stage": "Hot", "sentiment_label": "Heavy bullish"}}, {"ticker": "HUT", "ta": {"ticker": "HUT", "last_close": 107.31, "daily_change_pct": 5.010274977982195, "rsi_d": 73.60658607424114, "rsi_w": 85.95031968737904, "macd_macd": 10.762724112240491, "macd_signal": 8.36958822896163, "sma20": 82.85549999999999, "sma50": 64.65520000000001, "sma200": 47.74857500000002, "bb_upper": 107.7833643088413, "bb_lower": 57.92763569115868, "volume": 4575475, "high_d": 108.05, "low_d": 97.44, "summary": "BUY", "error": null}, "sentiment": {"ticker": "HUT", "stocktwits_bull": 13, "stocktwits_bear": 2, "stocktwits_total": 30, "reddit_mentions_7d": 0, "reddit_subs_breakdown": {"wallstreetbets": 0, "stocks": 0, "pennystocks": 0, "Bitcoin": 0, "CryptoCurrency": 0}, "error": "reddit: wallstreetbets: http 403,stocks: http 403,pennystocks: http 403,Bitcoin: http 403,CryptoCurrency: http 403"}, "scores": {"setup": 55, "pivot": 95, "hype_stage": "Hot", "sentiment_label": "Heavy bullish"}}, {"ticker": "CLSK", "ta": {"ticker": "CLSK", "last_close": 13.47, "daily_change_pct": -5.804195804195804, "rsi_d": 59.63157134851283, "rsi_w": 56.713526559626004, "macd_macd": 0.9347869869865715, "macd_signal": 0.8311862123426884, "sma20": 12.609999999999982, "sma50": 10.827599999999986, "sma200": 12.25895, "bb_upper": 14.624705933877628, "bb_lower": 10.595294066122335, "volume": 31963134,