{"version": "1.0", "generated_at_utc": "2026-05-08 02:29:02", "core_holdings": ["WULF", "CIFR", "IREN", "SLNH", "BGDE"], "peers": ["CORZ", "HUT", "CLSK", "APLD", "MARA", "RIOT", "BTDR", "BITF", "BTBT", "HIVE"], "tickers": [{"ticker": "WULF", "ta": {"ticker": "WULF", "last_close": 24.02, "daily_change_pct": -6.682206682206678, "rsi_d": 64.48314650759085, "rsi_w": 74.95165602819654, "macd_macd": 1.758727962154989, "macd_signal": 1.4557614432869361, "sma20": 21.046, "sma50": 17.75359999999999, "sma200": 13.478275000000007, "bb_upper": 24.40049191383732, "bb_lower": 17.691508086162678, "volume": 36738612, "high_d": 25.19, "low_d": 23.475, "summary": "BUY", "error": null}, "sentiment": {"ticker": "WULF", "stocktwits_bull": 15, "stocktwits_bear": 1, "stocktwits_total": 30, "reddit_mentions_7d": 2, "reddit_subs_breakdown": {"wallstreetbets": 1, "stocks": 0, "pennystocks": 0, "Bitcoin": 1, "CryptoCurrency": 0}, "error": null}, "scores": {"setup": 75, "pivot": 95, "hype_stage": "Hot", "sentiment_label": "Heavy bullish"}}, {"ticker": "CIFR", "ta": {"ticker": "CIFR", "last_close": 20.685, "daily_change_pct": -5.591054313099049, "rsi_d": 61.32901511923531, "rsi_w": 61.79282818865248, "macd_macd": 1.2058047798161518, "macd_signal": 0.9378761982308721, "sma20": 18.540749999999996, "sma50": 16.102500000000003, "sma200": 14.717475, "bb_upper": 21.54704052987249, "bb_lower": 15.534459470127501, "volume": 25929658, "high_d": 21.82, "low_d": 19.67, "summary": "BUY", "error": null}, "sentiment": {"ticker": "CIFR", "stocktwits_bull": 10, "stocktwits_bear": 1, "stocktwits_total": 30, "reddit_mentions_7d": 1, "reddit_subs_breakdown": {"wallstreetbets": 1, "stocks": 0, "pennystocks": 0, "Bitcoin": 0, "CryptoCurrency": 0}, "error": null}, "scores": {"setup": 90, "pivot": 90, "hype_stage": "Hot", "sentiment_label": "Heavy bullish"}}, {"ticker": "IREN", "ta": {"ticker": "IREN", "last_close": 56.85, "daily_change_pct": -6.772712364709734, "rsi_d": 63.59333365143044, "rsi_w": 61.985528046819034, "macd_macd": 3.459734221133182, "macd_signal": 2.3591357715909655, "sma20": 48.410999999999994, "sma50": 42.92070000000005, "sma200": 42.67857500000001, "bb_upper": 58.15339580390785, "bb_lower": 38.66860419609214, "volume": 81872191, "high_d": 62.43, "low_d": 55.41, "summary": "BUY", "error": null}, "sentiment": {"ticker": "IREN", "stocktwits_bull": 15, "stocktwits_bear": 0, "stocktwits_total": 30, "reddit_mentions_7d": 5, "reddit_subs_breakdown": {"wallstreetbets": 2, "stocks": 1, "pennystocks": 2, "Bitcoin": 0, "CryptoCurrency": 0}, "error": null}, "scores": {"setup": 75, "pivot": 90, "hype_stage": "Hot", "sentiment_label": "Heavy bullish"}}, {"ticker": "SLNH", "ta": {"ticker": "SLNH", "last_close": 1.52, "daily_change_pct": -6.172839506172845, "rsi_d": 59.781802784087375, "rsi_w": 55.56154267629688, "macd_macd": 0.17286076752259283, "macd_signal": 0.14925464450443518, "sma20": 1.2737950000000002, "sma50": 0.9713559999999996, "sma200": 1.4126464999999993, "bb_upper": 1.7653876707142808, "bb_lower": 0.7822023292857196, "volume": 17048080, "high_d": 1.605, "low_d": 1.46, "summary": "STRONG_BUY", "error": null}, "sentiment": {"ticker": "SLNH", "stocktwits_bull": 15, "stocktwits_bear": 0, "stocktwits_total": 30, "reddit_mentions_7d": 0, "reddit_subs_breakdown": {"wallstreetbets": 0, "stocks": 0, "pennystocks": 0, "Bitcoin": 0, "CryptoCurrency": 0}, "error": "reddit: CryptoCurrency: http 429"}, "scores": {"setup": 85, "pivot": 75, "hype_stage": "Building", "sentiment_label": "Heavy bullish"}}, {"ticker": "BGDE", "ta": {"ticker": "BGDE", "last_close": 6.79, "daily_change_pct": 8.64, "rsi_d": 62.54772801943304, "rsi_w": 52.242763786239344, "macd_macd": 0.46408273248619203, "macd_signal": 0.5153359185993227, "sma20": 5.700500000000001, "sma50": 3.877719999999999, "sma200": 8.127253299999998, "bb_upper": 7.701054673084435, "bb_lower": 3.699945326915566, "volume": 149337, "high_d": 7.16, "low_d": 6.25, "summary": "BUY", "error": null}, "sentiment": {"ticker": "BGDE", "stocktwits_bull": 14, "stocktwits_bear": 0, "stocktwits_total": 30, "reddit_mentions_7d": 2, "reddit_subs_breakdown": {"wallstreetbets": 0, "stocks": 1, "pennystocks": 1, "Bitcoin": 0, "CryptoCurrency": 0}, "error": "reddit: Bitcoin: http 429,CryptoCurrency: http 429"}, "scores": {"setup": 65, "pivot": 40, "hype_stage": "Hot", "sentiment_label": "Heavy bullish"}}, {"ticker": "CORZ", "ta": {"ticker": "CORZ", "last_close": 22.36, "daily_change_pct": -9.216402760860738, "rsi_d": 62.11419283557516, "rsi_w": 65.6109978529511, "macd_macd": 1.3078753533626255, "macd_signal": 1.0967448051749464, "sma20": 20.4455, "sma50": 17.895400000000002, "sma200": 16.942849999999993, "bb_upper": 23.324301660413585, "bb_lower": 17.566698339586413, "volume": 37216266, "high_d": 23, "low_d": 20.81, "summary": "BUY", "error": null}, "sentiment": {"ticker": "CORZ", "stocktwits_bull": 8, "stocktwits_bear": 1, "stocktwits_total": 30, "reddit_mentions_7d": 1, "reddit_subs_breakdown": {"wallstreetbets": 0, "stocks": 0, "pennystocks": 1, "Bitcoin": 0, "CryptoCurrency": 0}, "error": "reddit: Bitcoin: http 429,CryptoCurrency: http 429"}, "scores": {"setup": 90, "pivot": 90, "hype_stage": "Hot", "sentiment_label": "Heavy bullish"}}, {"ticker": "HUT", "ta": {"ticker": "HUT", "last_close": 101.18, "daily_change_pct": -7.1231870754543705, "rsi_d": 72.55681070561641, "rsi_w": 84.57256299094979, "macd_macd": 8.868390778701382, "macd_signal": 6.670311169037798, "sma20": 77.83675, "sma50": 61.71140000000002, "sma200": 46.524625000000015, "bb_upper": 97.65686762704772, "bb_lower": 58.016632372952266, "volume": 9280359, "high_d": 105.105, "low_d": 93.8, "summary": "BUY", "error": null}, "sentiment": {"ticker": "HUT", "stocktwits_bull": 10, "stocktwits_bear": 1, "stocktwits_total": 30, "reddit_mentions_7d": 0, "reddit_subs_breakdown": {"wallstreetbets": 0, "stocks": 0, "pennystocks": 0, "Bitcoin": 0, "CryptoCurrency": 0}, "error": "reddit: wallstreetbets: http 429,stocks: http 429,pennystocks: http 429,Bitcoin: http 429,CryptoCurrency: http 429"}, "scores": {"setup": 55, "pivot": 95, "hype_stage": "Hot", "sentiment_label": "Heavy bullish"}}, {"ticker": "CLSK", "ta": {"ticker": "CLSK", "last_close": 13.98, "daily_change_pct": -3.586206896551721, "rsi_d": 66.29034055843772, "rsi_w": 59.07969573737725, "macd_macd": 0.903477006108794, "macd_signal": 0.7126062731278904, "sma20": 12.113999999999981, "sma50": 10.606999999999989, "sma200": 12.232149999999999, "bb_upper": 14.172022351676905, "bb_lower": 10.055977648323058, "volume": 19788540, "high_d": 14.29, "low_d": 13.515, "summary": "BUY", "error": null}, "sentiment": {"ticker": "CLSK", "stocktwits_bull": 9, "stocktwits_bear": 3, "stocktwits_total": 30, "reddit_mentions_7d": 0, "reddit_subs_breakdown": {"wallstreetbets": 0, "stocks": 0, "pennystocks": 0, "Bitcoin": 0, "CryptoCurrency": 0}, "error": "reddit: wallstreetbets: http 429,stocks: http 429,pennystocks: http 429,Bitcoin: http 429,CryptoCurrency: http 429"}, "scores": {"setup": 60, "pivot": 80, "hype_stage": "Hot", "sentiment_label": "Bullish lean"}}, {"ticker": "APLD", "ta": {"ticker": "APLD", "last_close": 41.53, "daily_change_pct": -6.125678119349007, "rsi_d": 66.86545173594115, "rsi_w": 66.23996937775678, "macd_macd": 3.154946660347676, "macd_signal": 2.169610231804077, "sma20": 33.628750000000004, "sma50": 29.307900000000014, "sma200": 26.86822500000001, "bb_upper": 42.11342316695197, "bb_lower": 25.14407683304804, "volume": 25434911, "high_d": 43.85, "low_d": 40.16, "summary": "BUY", "error": null}, "sentiment": {"ticker": "APLD", "stocktwits_bull": 11, "stocktwits_bear": 0, "stocktwits_total": 30, "reddit_mentions_7d": 0, "reddit_subs_breakdown": {"wallstreetbets": 0, "stocks": 0, "pennystocks": 0, "Bitcoin": 0, "CryptoCurrency": 0}, "error": "reddit: wallstreetbets: http 429,stocks: http 429,pennystocks: http 429,Bitcoin: http 429,CryptoCurrency: http 429"}, "scores": {"setup": 65, "pivot": 95, "hype_stage": "Hot",