{
  "version": "1.0",
  "generated_at_utc": "2026-05-27 16:00:50",
  "core_holdings": [
    "WULF",
    "CIFR",
    "IREN",
    "SLNH",
    "BGDE",
    "BTBT"
  ],
  "peers": [
    "CORZ",
    "HUT",
    "CLSK",
    "APLD",
    "MARA",
    "RIOT",
    "BTDR",
    "BITF",
    "HIVE"
  ],
  "tickers": [
    {
      "ticker": "WULF",
      "ta": {
        "ticker": "WULF",
        "last_close": 25.365,
        "daily_change_pct": 0.7347100873709242,
        "rsi_d": 64.48017768158182,
        "rsi_w": 74.59210294599191,
        "macd_macd": 1.0823367692320893,
        "macd_signal": 1.0560129101841742,
        "sma20": 22.90825,
        "sma50": 19.777299999999997,
        "sma200": 14.646050000000008,
        "bb_upper": 25.845066771608344,
        "bb_lower": 19.971433228391653,
        "volume": 13337515,
        "high_d": 26.25,
        "low_d": 24.915,
        "summary": "STRONG_BUY",
        "error": null
      },
      "sentiment": {
        "ticker": "WULF",
        "stocktwits_bull": 20,
        "stocktwits_bear": 0,
        "stocktwits_total": 30,
        "reddit_mentions_7d": 0,
        "reddit_subs_breakdown": {
          "wallstreetbets": 0,
          "stocks": 0,
          "pennystocks": 0,
          "Bitcoin": 0,
          "CryptoCurrency": 0
        },
        "error": null
      },
      "scores": {
        "setup": 75,
        "pivot": 95,
        "hype_stage": "Hot",
        "sentiment_label": "Heavy bullish"
      }
    },
    {
      "ticker": "CIFR",
      "ta": {
        "ticker": "CIFR",
        "last_close": 22.83,
        "daily_change_pct": -0.8253692441355398,
        "rsi_d": 62.923237263933295,
        "rsi_w": 65.36062655186126,
        "macd_macd": 1.1683045206561538,
        "macd_signal": 1.0335151131070823,
        "sma20": 20.28875,
        "sma50": 17.678900000000002,
        "sma200": 15.712375,
        "bb_upper": 23.969727961085898,
        "bb_lower": 16.607772038914103,
        "volume": 8011739,
        "high_d": 23.29,
        "low_d": 22.17,
        "summary": "BUY",
        "error": null
      },
      "sentiment": {
        "ticker": "CIFR",
        "stocktwits_bull": 14,
        "stocktwits_bear": 0,
        "stocktwits_total": 30,
        "reddit_mentions_7d": 1,
        "reddit_subs_breakdown": {
          "wallstreetbets": 1,
          "stocks": 0,
          "pennystocks": 0,
          "Bitcoin": 0,
          "CryptoCurrency": 0
        },
        "error": null
      },
      "scores": {
        "setup": 90,
        "pivot": 90,
        "hype_stage": "Hot",
        "sentiment_label": "Heavy bullish"
      }
    },
    {
      "ticker": "IREN",
      "ta": {
        "ticker": "IREN",
        "last_close": 62.6,
        "daily_change_pct": 4.717296754767482,
        "rsi_d": 62.14921288475744,
        "rsi_w": 62.668544710241555,
        "macd_macd": 3.1350006229196623,
        "macd_signal": 2.8076163612873186,
        "sma20": 54.184000000000005,
        "sma50": 46.814200000000056,
        "sma200": 45.200875,
        "bb_upper": 65.22657107742569,
        "bb_lower": 43.14142892257432,
        "volume": 31716518,
        "high_d": 64.91,
        "low_d": 59.83,
        "summary": "STRONG_BUY",
        "error": null
      },
      "sentiment": {
        "ticker": "IREN",
        "stocktwits_bull": 18,
        "stocktwits_bear": 0,
        "stocktwits_total": 30,
        "reddit_mentions_7d": 5,
        "reddit_subs_breakdown": {
          "wallstreetbets": 2,
          "stocks": 3,
          "pennystocks": 0,
          "Bitcoin": 0,
          "CryptoCurrency": 0
        },
        "error": null
      },
      "scores": {
        "setup": 90,
        "pivot": 90,
        "hype_stage": "Hot",
        "sentiment_label": "Heavy bullish"
      }
    },
    {
      "ticker": "SLNH",
      "ta": {
        "ticker": "SLNH",
        "last_close": 1.825,
        "daily_change_pct": -5.44041450777202,
        "rsi_d": 55.81082524402129,
        "rsi_w": 57.14081175136446,
        "macd_macd": 0.168721650799609,
        "macd_signal": 0.20217286389651384,
        "sma20": 1.7542500000000003,
        "sma50": 1.2432239999999997,
        "sma200": 1.5034879999999993,
        "bb_upper": 2.2429960997286806,
        "bb_lower": 1.2655039002713202,
        "volume": 13789216,
        "high_d": 1.98,
        "low_d": 1.79,
        "summary": "BUY",
        "error": null
      },
      "sentiment": {
        "ticker": "SLNH",
        "stocktwits_bull": 19,
        "stocktwits_bear": 3,
        "stocktwits_total": 30,
        "reddit_mentions_7d": 0,
        "reddit_subs_breakdown": {
          "wallstreetbets": 0,
          "stocks": 0,
          "pennystocks": 0,
          "Bitcoin": 0,
          "CryptoCurrency": 0
        },
        "error": null
      },
      "scores": {
        "setup": 80,
        "pivot": 65,
        "hype_stage": "Building",
        "sentiment_label": "Heavy bullish"
      }
    },
    {
      "ticker": "BGDE",
      "ta": {
        "ticker": "BGDE",
        "last_close": 6.7,
        "daily_change_pct": -5.500705218617767,
        "rsi_d": 59.00262968650031,
        "rsi_w": 52.3356714296007,
        "macd_macd": 0.36915078272128277,
        "macd_signal": 0.35450309805195496,
        "sma20": 5.729000000000001,
        "sma50": 4.72092,
        "sma200": 7.915684999999997,
        "bb_upper": 7.277171825089177,
        "bb_lower": 4.180828174910825,
        "volume": 48744,
        "high_d": 7.375,
        "low_d": 6.61,
        "summary": "BUY",
        "error": null
      },
      "sentiment": {
        "ticker": "BGDE",
        "stocktwits_bull": 5,
        "stocktwits_bear": 0,
        "stocktwits_total": 30,
        "reddit_mentions_7d": 0,
        "reddit_subs_breakdown": {
          "wallstreetbets": 0,
          "stocks": 0,
          "pennystocks": 0,
          "Bitcoin": 0,
          "CryptoCurrency": 0
        },
        "error": null
      },
      "scores": {
        "setup": 80,
        "pivot": 55,
        "hype_stage": "Building",
        "sentiment_label": "Heavy bullish"
      }
    },
    {
      "ticker": "BTBT",
      "ta": {
        "ticker": "BTBT",
        "last_close": 2.005,
        "daily_change_pct": 0.7537688442211007,
        "rsi_d": 58.919408012298675,
        "rsi_w": 52.2365004993791,
        "macd_macd": 0.09191537039499575,
        "macd_signal": 0.08739308185254203,
        "sma20": 1.8375,
        "sma50": 1.6280999999999997,
        "sma200": 2.328875,
        "bb_upper": 2.218006241735921,
        "bb_lower": 1.4569937582640788,
        "volume": 8653365,
        "high_d": 2.02,
        "low_d": 1.92,
        "summary": "BUY",
        "error": null
      },
      "sentiment": {
        "ticker": "BTBT",
        "stocktwits_bull": 12,
        "stocktwits_bear": 1,
        "stocktwits_total": 30,
        "reddit_mentions_7d": 0,
        "reddit_subs_breakdown": {
          "wallstreetbets": 0,
          "stocks": 0,
          "pennystocks": 0,
          "Bitcoin": 0,
          "CryptoCurrency": 0
        },
        "error": null
      },
      "scores": {
        "setup": 80,
        "pivot": 55,
        "hype_stage": "Building",
        "sentiment_label": "Heavy bullish"
      }
    },
    {
      "ticker": "CORZ",
      "ta": {
        "ticker": "CORZ",
        "last_close": 27.03,
        "daily_change_pct": 2.5028441410693976,
        "rsi_d": 71.96104909909272,
        "rsi_w": 74.10365840752091,
        "macd_macd": 1.6289571588411533,
        "macd_signal": 1.431340252399712,
        "sma20": 23.256499999999996,
        "sma50": 19.988199999999996,
        "sma200": 17.62894999999999,
        "bb_upper": 27.166943836701996,
        "bb_lower": 19.346056163297995,
        "volume": 5751117,
        "high_d": 27.25,
        "low_d": 26.02,
        "summary": "STRONG_BUY",
        "error": null
      },
      "sentiment": {
        "ticker": "CORZ",
        "stocktwits_bull": 11,
        "stocktwits_bear": 0,
        "stocktwits_total": 30,