{"version": "1.0", "generated_at_utc": "2026-05-11 23:05:18", "core_holdings": ["WULF", "CIFR", "IREN", "SLNH", "BGDE", "BTBT"], "peers": ["CORZ", "HUT", "CLSK", "APLD", "MARA", "RIOT", "BTDR", "BITF", "HIVE"], "tickers": [{"ticker": "WULF", "ta": {"ticker": "WULF", "last_close": 23.37, "daily_change_pct": -0.08550662676357235, "rsi_d": 61.35882027405805, "rsi_w": 73.95016332662851, "macd_macd": 1.6786974788261837, "macd_signal": 1.5435510650407376, "sma20": 21.467999999999996, "sma50": 18.006799999999995, "sma200": 13.659475000000008, "bb_upper": 24.824025029704096, "bb_lower": 18.111974970295897, "volume": 25213388, "high_d": 24.36, "low_d": 22.12, "summary": "BUY", "error": null}, "sentiment": {"ticker": "WULF", "stocktwits_bull": 17, "stocktwits_bear": 1, "stocktwits_total": 30, "reddit_mentions_7d": 0, "reddit_subs_breakdown": {"wallstreetbets": 0, "stocks": 0, "pennystocks": 0, "Bitcoin": 0, "CryptoCurrency": 0}, "error": "reddit: wallstreetbets: http 403,stocks: http 403,pennystocks: http 403,Bitcoin: http 403,CryptoCurrency: http 403"}, "scores": {"setup": 90, "pivot": 95, "hype_stage": "Hot", "sentiment_label": "Heavy bullish"}}, {"ticker": "CIFR", "ta": {"ticker": "CIFR", "last_close": 20.28, "daily_change_pct": -1.313868613138684, "rsi_d": 59.29442244102909, "rsi_w": 60.804548488558865, "macd_macd": 1.2115242303550033, "macd_signal": 1.039176177389961, "sma20": 18.867749999999997, "sma50": 16.2775, "sma200": 14.854975, "bb_upper": 21.8830351855174, "bb_lower": 15.852464814482595, "volume": 28395391, "high_d": 21.49, "low_d": 19.14, "summary": "BUY", "error": null}, "sentiment": {"ticker": "CIFR", "stocktwits_bull": 15, "stocktwits_bear": 0, "stocktwits_total": 30, "reddit_mentions_7d": 0, "reddit_subs_breakdown": {"wallstreetbets": 0, "stocks": 0, "pennystocks": 0, "Bitcoin": 0, "CryptoCurrency": 0}, "error": "reddit: wallstreetbets: http 403,stocks: http 403,pennystocks: http 403,Bitcoin: http 403,CryptoCurrency: http 403"}, "scores": {"setup": 90, "pivot": 90, "hype_stage": "Building", "sentiment_label": "Heavy bullish"}}, {"ticker": "IREN", "ta": {"ticker": "IREN", "last_close": 55.15, "daily_change_pct": -9.885620915032685, "rsi_d": 58.07163524794532, "rsi_w": 58.71482074778157, "macd_macd": 3.951828208208795, "macd_signal": 2.9453362941462564, "sma20": 50.108999999999995, "sma50": 43.54390000000005, "sma200": 43.074675000000006, "bb_upper": 60.255007884877756, "bb_lower": 39.96299211512223, "volume": 112300256, "high_d": 61.72, "low_d": 52.36, "summary": "BUY", "error": null}, "sentiment": {"ticker": "IREN", "stocktwits_bull": 12, "stocktwits_bear": 2, "stocktwits_total": 30, "reddit_mentions_7d": 0, "reddit_subs_breakdown": {"wallstreetbets": 0, "stocks": 0, "pennystocks": 0, "Bitcoin": 0, "CryptoCurrency": 0}, "error": "reddit: wallstreetbets: http 403,stocks: http 403,pennystocks: http 403,Bitcoin: http 403,CryptoCurrency: http 403"}, "scores": {"setup": 90, "pivot": 90, "hype_stage": "Building", "sentiment_label": "Heavy bullish"}}, {"ticker": "SLNH", "ta": {"ticker": "SLNH", "last_close": 1.73, "daily_change_pct": -5.464480874316944, "rsi_d": 62.872797233675385, "rsi_w": 58.24831516631257, "macd_macd": 0.2008203544369005, "macd_signal": 0.16676734059878842, "sma20": 1.3700000000000003, "sma50": 1.0063059999999995, "sma200": 1.424713499999999, "bb_upper": 1.839425180406843, "bb_lower": 0.9005748195931577, "volume": 28205009, "high_d": 1.95, "low_d": 1.73, "summary": "BUY", "error": null}, "sentiment": {"ticker": "SLNH", "stocktwits_bull": 15, "stocktwits_bear": 4, "stocktwits_total": 30, "reddit_mentions_7d": 0, "reddit_subs_breakdown": {"wallstreetbets": 0, "stocks": 0, "pennystocks": 0, "Bitcoin": 0, "CryptoCurrency": 0}, "error": "reddit: wallstreetbets: http 403,stocks: http 403,pennystocks: http 403,Bitcoin: http 403,CryptoCurrency: http 403"}, "scores": {"setup": 85, "pivot": 80, "hype_stage": "Hot", "sentiment_label": "Bullish lean"}}, {"ticker": "BGDE", "ta": {"ticker": "BGDE", "last_close": 6.06, "daily_change_pct": -2.4154589371980735, "rsi_d": 56.697602220907974, "rsi_w": 50.39664668422676, "macd_macd": 0.48878289776370387, "macd_signal": 0.5056128661183684, "sma20": 5.856000000000001, "sma50": 4.000519999999999, "sma200": 8.077893299999998, "bb_upper": 7.710749578784143, "bb_lower": 4.001250421215858, "volume": 143144, "high_d": 6.42, "low_d": 5.7101, "summary": "BUY", "error": null}, "sentiment": {"ticker": "BGDE", "stocktwits_bull": 10, "stocktwits_bear": 0, "stocktwits_total": 30, "reddit_mentions_7d": 0, "reddit_subs_breakdown": {"wallstreetbets": 0, "stocks": 0, "pennystocks": 0, "Bitcoin": 0, "CryptoCurrency": 0}, "error": "reddit: wallstreetbets: http 403,stocks: http 403,pennystocks: http 403,Bitcoin: http 403,CryptoCurrency: http 403"}, "scores": {"setup": 75, "pivot": 40, "hype_stage": "Building", "sentiment_label": "Heavy bullish"}}, {"ticker": "BTBT", "ta": {"ticker": "BTBT", "last_close": 2.15, "daily_change_pct": 19.444444444444436, "rsi_d": 71.43804494605726, "rsi_w": 54.98432451953428, "macd_macd": 0.1039470957429307, "macd_signal": 0.049642243852879776, "sma20": 1.6489999999999996, "sma50": 1.5776000000000001, "sma200": 2.3896750000000004, "bb_upper": 1.9856244197915494, "bb_lower": 1.3123755802084498, "volume": 59311107, "high_d": 2.2, "low_d": 1.81, "summary": "BUY", "error": null}, "sentiment": {"ticker": "BTBT", "stocktwits_bull": 9, "stocktwits_bear": 1, "stocktwits_total": 30, "reddit_mentions_7d": 0, "reddit_subs_breakdown": {"wallstreetbets": 0, "stocks": 0, "pennystocks": 0, "Bitcoin": 0, "CryptoCurrency": 0}, "error": "reddit: wallstreetbets: http 403,stocks: http 403,pennystocks: http 403,Bitcoin: http 403,CryptoCurrency: http 403"}, "scores": {"setup": 45, "pivot": 55, "hype_stage": "Hot", "sentiment_label": "Heavy bullish"}}, {"ticker": "CORZ", "ta": {"ticker": "CORZ", "last_close": 22.95, "daily_change_pct": 0.1308900523560104, "rsi_d": 64.20363652864694, "rsi_w": 66.80985586566467, "macd_macd": 1.355684024477192, "macd_signal": 1.1877597991183282, "sma20": 20.887499999999996, "sma50": 18.1138, "sma200": 17.03629999999999, "bb_upper": 23.799412601710507, "bb_lower": 17.975587398289484, "volume": 13989725, "high_d": 23.81, "low_d": 21.92, "summary": "BUY", "error": null}, "sentiment": {"ticker": "CORZ", "stocktwits_bull": 7, "stocktwits_bear": 1, "stocktwits_total": 30, "reddit_mentions_7d": 0, "reddit_subs_breakdown": {"wallstreetbets": 0, "stocks": 0, "pennystocks": 0, "Bitcoin": 0, "CryptoCurrency": 0}, "error": "reddit: wallstreetbets: http 403,stocks: http 403,pennystocks: http 403,Bitcoin: http 403,CryptoCurrency: http 403"}, "scores": {"setup": 90, "pivot": 90, "hype_stage": "Hot", "sentiment_label": "Heavy bullish"}}, {"ticker": "HUT", "ta": {"ticker": "HUT", "last_close": 102.19, "daily_change_pct": 3.788340442819423, "rsi_d": 71.24294305900054, "rsi_w": 84.85536529487217, "macd_macd": 9.9963169258465, "macd_signal": 7.771304258141916, "sma20": 81.07699999999998, "sma50": 63.56340000000002, "sma200": 47.31392500000002, "bb_upper": 103.74531542042796, "bb_lower": 58.40868457957201, "volume": 5770859, "high_d": 106.33, "low_d": 94.2, "summary": "BUY", "error": null}, "sentiment": {"ticker": "HUT", "stocktwits_bull": 11, "stocktwits_bear": 2, "stocktwits_total": 30, "reddit_mentions_7d": 0, "reddit_subs_breakdown": {"wallstreetbets": 0, "stocks": 0, "pennystocks": 0, "Bitcoin": 0, "CryptoCurrency": 0}, "error": "reddit: wallstreetbets: http 403,stocks: http 403,pennystocks: http 403,Bitcoin: http 403,CryptoCurrency: http 403"}, "scores": {"setup": 55, "pivot": 95, "hype_stage": "Hot", "sentiment_label": "Bullish lean"}}, {"ticker": "CLSK", "ta": {"ticker": "CLSK", "last_close": 14.3, "daily_change_pct": 0.7042253521126861, "rsi_d": 67.8771195137773, "rsi_w": 59.965031973293556, "macd_macd": 0.9853157407204858, "macd_signal": 0.8052860186817177, "sma20": 12.49999999999998, "sma50": 10.769199999999987, "sma200": 12.2507, "bb_upper": 14.554711658603654, "bb_lower": 10.445288341396306,