{"version": "1.0", "generated_at_utc": "2026-05-21 23:06:25", "core_holdings": ["WULF", "CIFR", "IREN", "SLNH", "BGDE", "BTBT"], "peers": ["CORZ", "HUT", "CLSK", "APLD", "MARA", "RIOT", "BTDR", "BITF", "HIVE"], "tickers": [{"ticker": "WULF", "ta": {"ticker": "WULF", "last_close": 22.92, "daily_change_pct": 5.963938973647724, "rsi_d": 56.42311645662094, "rsi_w": 70.53823970672805, "macd_macd": 0.8125463296303401, "macd_signal": 1.144788005217342, "sma20": 22.351999999999997, "sma50": 19.224999999999994, "sma200": 14.354825000000007, "bb_upper": 25.20723098890449, "bb_lower": 19.496769011095502, "volume": 20144838, "high_d": 23.0493, "low_d": 21.715, "summary": "STRONG_BUY", "error": null}, "sentiment": {"ticker": "WULF", "stocktwits_bull": 23, "stocktwits_bear": 0, "stocktwits_total": 30, "reddit_mentions_7d": 0, "reddit_subs_breakdown": {"wallstreetbets": 0, "stocks": 0, "pennystocks": 0, "Bitcoin": 0, "CryptoCurrency": 0}, "error": "reddit: wallstreetbets: http 403,stocks: http 403,pennystocks: http 403,Bitcoin: http 403,CryptoCurrency: http 403"}, "scores": {"setup": 85, "pivot": 80, "hype_stage": "Building", "sentiment_label": "Heavy bullish"}}, {"ticker": "CIFR", "ta": {"ticker": "CIFR", "last_close": 21.52, "daily_change_pct": 10.472279260780283, "rsi_d": 59.37303380473031, "rsi_w": 63.12472081804717, "macd_macd": 0.8543455751494164, "macd_signal": 0.9876866119482901, "sma20": 19.578750000000003, "sma50": 17.1811, "sma200": 15.447424999999999, "bb_upper": 23.013556945084307, "bb_lower": 16.1439430549157, "volume": 26704465, "high_d": 21.56, "low_d": 19.7, "summary": "STRONG_BUY", "error": null}, "sentiment": {"ticker": "CIFR", "stocktwits_bull": 16, "stocktwits_bear": 1, "stocktwits_total": 30, "reddit_mentions_7d": 0, "reddit_subs_breakdown": {"wallstreetbets": 0, "stocks": 0, "pennystocks": 0, "Bitcoin": 0, "CryptoCurrency": 0}, "error": "reddit: wallstreetbets: http 403,stocks: http 403,pennystocks: http 403,Bitcoin: http 403,CryptoCurrency: http 403"}, "scores": {"setup": 75, "pivot": 75, "hype_stage": "Building", "sentiment_label": "Heavy bullish"}}, {"ticker": "IREN", "ta": {"ticker": "IREN", "last_close": 58.06, "daily_change_pct": 10.149876683741228, "rsi_d": 58.23474540548694, "rsi_w": 60.01237836987078, "macd_macd": 2.3586668013862777, "macd_signal": 2.7958919145748546, "sma20": 52.39549999999999, "sma50": 45.787800000000054, "sma200": 44.58152500000001, "bb_upper": 63.147207724822366, "bb_lower": 41.64379227517762, "volume": 50196141, "high_d": 58.1, "low_d": 53.2, "summary": "STRONG_BUY", "error": null}, "sentiment": {"ticker": "IREN", "stocktwits_bull": 13, "stocktwits_bear": 0, "stocktwits_total": 30, "reddit_mentions_7d": 0, "reddit_subs_breakdown": {"wallstreetbets": 0, "stocks": 0, "pennystocks": 0, "Bitcoin": 0, "CryptoCurrency": 0}, "error": "reddit: wallstreetbets: http 403,stocks: http 403,pennystocks: http 403,Bitcoin: http 403,CryptoCurrency: http 403"}, "scores": {"setup": 75, "pivot": 75, "hype_stage": "Building", "sentiment_label": "Heavy bullish"}}, {"ticker": "SLNH", "ta": {"ticker": "SLNH", "last_close": 1.75, "daily_change_pct": 5.421686746987957, "rsi_d": 54.98851314957037, "rsi_w": 56.26584644686125, "macd_macd": 0.2031168717084033, "macd_signal": 0.2272395956886737, "sma20": 1.6515, "sma50": 1.1809279999999995, "sma200": 1.4832774999999991, "bb_upper": 2.299088603976322, "bb_lower": 1.0039113960236778, "volume": 20405779, "high_d": 1.8, "low_d": 1.59, "summary": "BUY", "error": null}, "sentiment": {"ticker": "SLNH", "stocktwits_bull": 14, "stocktwits_bear": 1, "stocktwits_total": 30, "reddit_mentions_7d": 0, "reddit_subs_breakdown": {"wallstreetbets": 0, "stocks": 0, "pennystocks": 0, "Bitcoin": 0, "CryptoCurrency": 0}, "error": "reddit: wallstreetbets: http 403,stocks: http 403,pennystocks: http 403,Bitcoin: http 403,CryptoCurrency: http 403"}, "scores": {"setup": 80, "pivot": 65, "hype_stage": "Building", "sentiment_label": "Heavy bullish"}}, {"ticker": "BGDE", "ta": {"ticker": "BGDE", "last_close": 5.4, "daily_change_pct": 1.6949152542373023, "rsi_d": 49.795124672979355, "rsi_w": 48.50214854997763, "macd_macd": 0.2418427904084437, "macd_signal": 0.3840862306233076, "sma20": 5.642000000000001, "sma50": 4.482119999999999, "sma200": 7.948594299999997, "bb_upper": 7.345333202870167, "bb_lower": 3.9386667971298355, "volume": 78521, "high_d": 5.5, "low_d": 5.01, "summary": "SELL", "error": null}, "sentiment": {"ticker": "BGDE", "stocktwits_bull": 4, "stocktwits_bear": 0, "stocktwits_total": 30, "reddit_mentions_7d": 0, "reddit_subs_breakdown": {"wallstreetbets": 0, "stocks": 0, "pennystocks": 0, "Bitcoin": 0, "CryptoCurrency": 0}, "error": "reddit: wallstreetbets: http 403,stocks: http 403,pennystocks: http 403,Bitcoin: http 403,CryptoCurrency: http 403"}, "scores": {"setup": 55, "pivot": 20, "hype_stage": "Building", "sentiment_label": "Heavy bullish"}}, {"ticker": "BTBT", "ta": {"ticker": "BTBT", "last_close": 1.94, "daily_change_pct": 10.227272727272723, "rsi_d": 56.894750567879726, "rsi_w": 50.561730241638074, "macd_macd": 0.07699043459829569, "macd_signal": 0.08624074386552306, "sma20": 1.7732499999999998, "sma50": 1.6067000000000002, "sma200": 2.3458500000000004, "bb_upper": 2.1712233031247163, "bb_lower": 1.375276696875283, "volume": 30613395, "high_d": 1.95, "low_d": 1.73, "summary": "BUY", "error": null}, "sentiment": {"ticker": "BTBT", "stocktwits_bull": 18, "stocktwits_bear": 0, "stocktwits_total": 30, "reddit_mentions_7d": 0, "reddit_subs_breakdown": {"wallstreetbets": 0, "stocks": 0, "pennystocks": 0, "Bitcoin": 0, "CryptoCurrency": 0}, "error": "reddit: wallstreetbets: http 403,stocks: http 403,pennystocks: http 403,Bitcoin: http 403,CryptoCurrency: http 403"}, "scores": {"setup": 65, "pivot": 40, "hype_stage": "Building", "sentiment_label": "Heavy bullish"}}, {"ticker": "CORZ", "ta": {"ticker": "CORZ", "last_close": 24.82, "daily_change_pct": 7.075064710957725, "rsi_d": 65.05709416851928, "rsi_w": 70.40568069932361, "macd_macd": 1.3212642742496499, "macd_signal": 1.3453959634439296, "sma20": 22.423499999999997, "sma50": 19.409, "sma200": 17.44999999999999, "bb_upper": 25.752345295293942, "bb_lower": 19.094654704706052, "volume": 14486909, "high_d": 25.06, "low_d": 23.39, "summary": "STRONG_BUY", "error": null}, "sentiment": {"ticker": "CORZ", "stocktwits_bull": 17, "stocktwits_bear": 1, "stocktwits_total": 30, "reddit_mentions_7d": 0, "reddit_subs_breakdown": {"wallstreetbets": 0, "stocks": 0, "pennystocks": 0, "Bitcoin": 0, "CryptoCurrency": 0}, "error": "reddit: wallstreetbets: http 403,stocks: http 403,pennystocks: http 403,Bitcoin: http 403,CryptoCurrency: http 403"}, "scores": {"setup": 65, "pivot": 75, "hype_stage": "Hot", "sentiment_label": "Heavy bullish"}}, {"ticker": "HUT", "ta": {"ticker": "HUT", "last_close": 105.26, "daily_change_pct": 9.066417987773287, "rsi_d": 64.29459422259302, "rsi_w": 85.57649748804859, "macd_macd": 8.70376255497662, "macd_signal": 9.430923358848412, "sma20": 91.828, "sma50": 71.89840000000001, "sma200": 50.594175000000014, "bb_upper": 119.35682314956456, "bb_lower": 64.29917685043544, "volume": 4447082, "high_d": 105.43, "low_d": 96.2, "summary": "STRONG_BUY", "error": null}, "sentiment": {"ticker": "HUT", "stocktwits_bull": 7, "stocktwits_bear": 0, "stocktwits_total": 30, "reddit_mentions_7d": 0, "reddit_subs_breakdown": {"wallstreetbets": 0, "stocks": 0, "pennystocks": 0, "Bitcoin": 0, "CryptoCurrency": 0}, "error": "reddit: wallstreetbets: http 403,stocks: http 403,pennystocks: http 403,Bitcoin: http 403,CryptoCurrency: http 403"}, "scores": {"setup": 75, "pivot": 80, "hype_stage": "Hot", "sentiment_label": "Heavy bullish"}}, {"ticker": "CLSK", "ta": {"ticker": "CLSK", "last_close": 15.76, "daily_change_pct": 2.337662337662334, "rsi_d": 68.673473324162, "rsi_w": 62.4716420914476, "macd_macd": 0.9657430923122483, "macd_signal": 0.8499961556407832, "sma20": 13.461499999999978, "sma50": 11.445999999999986, "sma200": 12.365150000000002,