{"version": "1.0", "generated_at_utc": "2026-05-14 23:07:18", "core_holdings": ["WULF", "CIFR", "IREN", "SLNH", "BGDE", "BTBT"], "peers": ["CORZ", "HUT", "CLSK", "APLD", "MARA", "RIOT", "BTDR", "BITF", "HIVE"], "tickers": [{"ticker": "WULF", "ta": {"ticker": "WULF", "last_close": 24.17, "daily_change_pct": 4.541522491349484, "rsi_d": 63.20896940377847, "rsi_w": 75.24087664340583, "macd_macd": 1.5154820991062685, "macd_signal": 1.536118147861259, "sma20": 21.975999999999996, "sma50": 18.485999999999994, "sma200": 13.932475000000009, "bb_upper": 25.286567322982698, "bb_lower": 18.665432677017293, "volume": 22960479, "high_d": 24.33, "low_d": 22.88, "summary": "BUY", "error": null}, "sentiment": {"ticker": "WULF", "stocktwits_bull": 19, "stocktwits_bear": 2, "stocktwits_total": 30, "reddit_mentions_7d": 0, "reddit_subs_breakdown": {"wallstreetbets": 0, "stocks": 0, "pennystocks": 0, "Bitcoin": 0, "CryptoCurrency": 0}, "error": null}, "scores": {"setup": 75, "pivot": 80, "hype_stage": "Hot", "sentiment_label": "Heavy bullish"}}, {"ticker": "CIFR", "ta": {"ticker": "CIFR", "last_close": 22.29, "daily_change_pct": 4.9435028248587605, "rsi_d": 65.7012842255787, "rsi_w": 64.45211891146852, "macd_macd": 1.3177594087272695, "macd_signal": 1.1388611704407237, "sma20": 19.35775, "sma50": 16.6191, "sma200": 15.081374999999998, "bb_upper": 22.70907880362404, "bb_lower": 16.00642119637596, "volume": 27497615, "high_d": 22.52, "low_d": 20.6647, "summary": "STRONG_BUY", "error": null}, "sentiment": {"ticker": "CIFR", "stocktwits_bull": 18, "stocktwits_bear": 1, "stocktwits_total": 30, "reddit_mentions_7d": 0, "reddit_subs_breakdown": {"wallstreetbets": 0, "stocks": 0, "pennystocks": 0, "Bitcoin": 0, "CryptoCurrency": 0}, "error": null}, "scores": {"setup": 65, "pivot": 90, "hype_stage": "Hot", "sentiment_label": "Heavy bullish"}}, {"ticker": "IREN", "ta": {"ticker": "IREN", "last_close": 58.4, "daily_change_pct": 5.8546311401123745, "rsi_d": 60.843956118590555, "rsi_w": 61.67513371096007, "macd_macd": 3.8990280098080987, "macd_signal": 3.402895576282204, "sma20": 51.42100000000001, "sma50": 44.46490000000005, "sma200": 43.674875000000014, "bb_upper": 62.387160494904194, "bb_lower": 40.45483950509582, "volume": 58248381, "high_d": 60.18, "low_d": 54, "summary": "STRONG_BUY", "error": null}, "sentiment": {"ticker": "IREN", "stocktwits_bull": 14, "stocktwits_bear": 0, "stocktwits_total": 30, "reddit_mentions_7d": 8, "reddit_subs_breakdown": {"wallstreetbets": 4, "stocks": 3, "pennystocks": 1, "Bitcoin": 0, "CryptoCurrency": 0}, "error": null}, "scores": {"setup": 90, "pivot": 90, "hype_stage": "Hot", "sentiment_label": "Heavy bullish"}}, {"ticker": "SLNH", "ta": {"ticker": "SLNH", "last_close": 2.16, "daily_change_pct": 0, "rsi_d": 70.83555817004502, "rsi_w": 64.46402739054818, "macd_macd": 0.26432937807168067, "macd_signal": 0.20338847168202026, "sma20": 1.5135, "sma50": 1.0729799999999994, "sma200": 1.4476094999999993, "bb_upper": 2.1207651809547463, "bb_lower": 0.9062348190452539, "volume": 33546501, "high_d": 2.33, "low_d": 2.0301, "summary": "BUY", "error": null}, "sentiment": {"ticker": "SLNH", "stocktwits_bull": 14, "stocktwits_bear": 2, "stocktwits_total": 30, "reddit_mentions_7d": 0, "reddit_subs_breakdown": {"wallstreetbets": 0, "stocks": 0, "pennystocks": 0, "Bitcoin": 0, "CryptoCurrency": 0}, "error": null}, "scores": {"setup": 50, "pivot": 80, "hype_stage": "Hot", "sentiment_label": "Heavy bullish"}}, {"ticker": "BGDE", "ta": {"ticker": "BGDE", "last_close": 6.3, "daily_change_pct": 4.9999999999999964, "rsi_d": 57.82695022910033, "rsi_w": 51.060317116323446, "macd_macd": 0.4850192893191059, "macd_signal": 0.4962386328259923, "sma20": 5.854500000000001, "sma50": 4.1977199999999995, "sma200": 8.021684299999999, "bb_upper": 7.710155948714622, "bb_lower": 3.9988440512853796, "volume": 132003, "high_d": 6.9, "low_d": 5.86, "summary": "BUY", "error": null}, "sentiment": {"ticker": "BGDE", "stocktwits_bull": 11, "stocktwits_bear": 0, "stocktwits_total": 30, "reddit_mentions_7d": 0, "reddit_subs_breakdown": {"wallstreetbets": 0, "stocks": 0, "pennystocks": 0, "Bitcoin": 0, "CryptoCurrency": 0}, "error": null}, "scores": {"setup": 75, "pivot": 40, "hype_stage": "Building", "sentiment_label": "Heavy bullish"}}, {"ticker": "BTBT", "ta": {"ticker": "BTBT", "last_close": 2.13, "daily_change_pct": 4.926108374384242, "rsi_d": 66.15350991127528, "rsi_w": 54.577203343359514, "macd_macd": 0.13747898258344282, "macd_signal": 0.08686105948807228, "sma20": 1.7269999999999999, "sma50": 1.594, "sma200": 2.3748750000000007, "bb_upper": 2.1436581332459426, "bb_lower": 1.310341866754057, "volume": 49783094, "high_d": 2.22, "low_d": 1.89, "summary": "BUY", "error": null}, "sentiment": {"ticker": "BTBT", "stocktwits_bull": 14, "stocktwits_bear": 1, "stocktwits_total": 30, "reddit_mentions_7d": 1, "reddit_subs_breakdown": {"wallstreetbets": 0, "stocks": 1, "pennystocks": 0, "Bitcoin": 0, "CryptoCurrency": 0}, "error": null}, "scores": {"setup": 55, "pivot": 55, "hype_stage": "Hot", "sentiment_label": "Heavy bullish"}}, {"ticker": "CORZ", "ta": {"ticker": "CORZ", "last_close": 24.92, "daily_change_pct": 3.8333333333333406, "rsi_d": 70.52804747260458, "rsi_w": 70.49419184375344, "macd_macd": 1.516229327194111, "macd_signal": 1.3076169657349208, "sma20": 21.613, "sma50": 18.595399999999998, "sma200": 17.19137499999999, "bb_upper": 24.81306312437741, "bb_lower": 18.412936875622588, "volume": 17514301, "high_d": 25.17, "low_d": 23.59, "summary": "STRONG_BUY", "error": null}, "sentiment": {"ticker": "CORZ", "stocktwits_bull": 15, "stocktwits_bear": 0, "stocktwits_total": 30, "reddit_mentions_7d": 0, "reddit_subs_breakdown": {"wallstreetbets": 0, "stocks": 0, "pennystocks": 0, "Bitcoin": 0, "CryptoCurrency": 0}, "error": null}, "scores": {"setup": 55, "pivot": 90, "hype_stage": "Hot", "sentiment_label": "Heavy bullish"}}, {"ticker": "HUT", "ta": {"ticker": "HUT", "last_close": 109.37, "daily_change_pct": 0.9693500738552543, "rsi_d": 74.548550591281, "rsi_w": 86.34746352899647, "macd_macd": 11.71332505693944, "macd_signal": 9.510577999042786, "sma20": 86.63949999999998, "sma50": 66.97280000000002, "sma200": 48.63687500000002, "bb_upper": 114.5364363730144, "bb_lower": 58.74256362698558, "volume": 4559018, "high_d": 110.66, "low_d": 104.51, "summary": "BUY", "error": null}, "sentiment": {"ticker": "HUT", "stocktwits_bull": 7, "stocktwits_bear": 0, "stocktwits_total": 30, "reddit_mentions_7d": 3, "reddit_subs_breakdown": {"wallstreetbets": 2, "stocks": 0, "pennystocks": 1, "Bitcoin": 0, "CryptoCurrency": 0}, "error": null}, "scores": {"setup": 55, "pivot": 95, "hype_stage": "Hot", "sentiment_label": "Heavy bullish"}}, {"ticker": "CLSK", "ta": {"ticker": "CLSK", "last_close": 13.98, "daily_change_pct": 5.1127819548872155, "rsi_d": 62.312027252196835, "rsi_w": 58.752703047049685, "macd_macd": 0.8653166557430101, "macd_signal": 0.8443800807037692, "sma20": 12.83999999999998, "sma50": 10.962199999999987, "sma200": 12.27655, "bb_upper": 14.755807923566982, "bb_lower": 10.924192076432979, "volume": 16567800, "high_d": 14.12, "low_d": 13.16, "summary": "STRONG_BUY", "error": null}, "sentiment": {"ticker": "CLSK", "stocktwits_bull": 14, "stocktwits_bear": 3, "stocktwits_total": 30, "reddit_mentions_7d": 1, "reddit_subs_breakdown": {"wallstreetbets": 1, "stocks": 0, "pennystocks": 0, "Bitcoin": 0, "CryptoCurrency": 0}, "error": null}, "scores": {"setup": 85, "pivot": 80, "hype_stage": "Hot", "sentiment_label": "Bullish lean"}}, {"ticker": "APLD", "ta": {"ticker": "APLD", "last_close": 46.71, "daily_change_pct": 2.7044854881266582, "rsi_d": 71.99272543717281, "rsi_w": 70.27773325780697, "macd_macd": 4.248066466909378, "macd_signal": 3.335425224588517, "sma20": 37.41525000000001, "sma50": 30.97410000000001, "sma200": 27.710125000000012, "bb_upper": 47.93516990226135, "bb_lower": 26.895330097738665, "volume": 16347857, "high_d": 47.79, "low_d": 44.195, "summary": "STRONG_BUY", "error": null},