{"version": "1.0", "generated_at_utc": "2026-06-06 05:04:00", "core_holdings": ["WULF", "CIFR", "IREN", "SLNH", "BGDE", "BTBT"], "peers": ["CORZ", "HUT", "CLSK", "APLD", "MARA", "RIOT", "BTDR", "BITF", "HIVE"], "tickers": [{"ticker": "WULF", "ta": {"ticker": "WULF", "last_close": 25.56, "daily_change_pct": -3.1634779314264097, "rsi_d": 61.9701807686017, "rsi_w": 74.867108648239, "macd_macd": 1.372560729663011, "macd_signal": 1.178665309362221, "sma20": 23.48725, "sma50": 20.217100000000002, "sma200": 14.859500000000008, "bb_upper": 26.78953023492853, "bb_lower": 20.184969765071468, "volume": 26678319, "high_d": 26.32, "low_d": 24.66, "summary": "BUY", "error": null}, "sentiment": {"ticker": "WULF", "stocktwits_bull": 18, "stocktwits_bear": 0, "stocktwits_total": 30, "reddit_mentions_7d": 0, "reddit_subs_breakdown": {"wallstreetbets": 0, "stocks": 0, "pennystocks": 0, "Bitcoin": 0, "CryptoCurrency": 0}, "error": "reddit: wallstreetbets: http 403,stocks: http 403,pennystocks: http 403,Bitcoin: http 403,CryptoCurrency: http 403"}, "scores": {"setup": 90, "pivot": 95, "hype_stage": "Hot", "sentiment_label": "Heavy bullish"}}, {"ticker": "CIFR", "ta": {"ticker": "CIFR", "last_close": 23.65, "daily_change_pct": -3.822692151281014, "rsi_d": 61.932642709484774, "rsi_w": 66.6579320318615, "macd_macd": 1.5302120510599693, "macd_signal": 1.2320092583383633, "sma20": 21.08425, "sma50": 18.095100000000002, "sma200": 15.917825, "bb_upper": 25.190753713623042, "bb_lower": 16.97774628637696, "volume": 17085615, "high_d": 24.38, "low_d": 22.57, "summary": "BUY", "error": null}, "sentiment": {"ticker": "CIFR", "stocktwits_bull": 14, "stocktwits_bear": 0, "stocktwits_total": 30, "reddit_mentions_7d": 0, "reddit_subs_breakdown": {"wallstreetbets": 0, "stocks": 0, "pennystocks": 0, "Bitcoin": 0, "CryptoCurrency": 0}, "error": "reddit: wallstreetbets: http 403,stocks: http 403,pennystocks: http 403,Bitcoin: http 403,CryptoCurrency: http 403"}, "scores": {"setup": 90, "pivot": 90, "hype_stage": "Hot", "sentiment_label": "Heavy bullish"}}, {"ticker": "IREN", "ta": {"ticker": "IREN", "last_close": 63.54, "daily_change_pct": -0.7962529274004654, "rsi_d": 60.42635922317348, "rsi_w": 63.16551700990061, "macd_macd": 4.015065744167472, "macd_signal": 3.2709215621242316, "sma20": 56.407000000000004, "sma50": 47.76740000000005, "sma200": 45.68602500000001, "bb_upper": 67.43347740667892, "bb_lower": 45.38052259332109, "volume": 50246269, "high_d": 64.745, "low_d": 60.73, "summary": "BUY", "error": null}, "sentiment": {"ticker": "IREN", "stocktwits_bull": 11, "stocktwits_bear": 0, "stocktwits_total": 30, "reddit_mentions_7d": 0, "reddit_subs_breakdown": {"wallstreetbets": 0, "stocks": 0, "pennystocks": 0, "Bitcoin": 0, "CryptoCurrency": 0}, "error": "reddit: wallstreetbets: http 403,stocks: http 403,pennystocks: http 403,Bitcoin: http 403,CryptoCurrency: http 403"}, "scores": {"setup": 90, "pivot": 90, "hype_stage": "Hot", "sentiment_label": "Heavy bullish"}}, {"ticker": "SLNH", "ta": {"ticker": "SLNH", "last_close": 1.7, "daily_change_pct": -7.103825136612028, "rsi_d": 51.68371789527825, "rsi_w": 55.450841776085795, "macd_macd": 0.13938433824946594, "macd_signal": 0.18327894067345546, "sma20": 1.7855000000000003, "sma50": 1.2835179999999997, "sma200": 1.5164514999999994, "bb_upper": 2.222740208581046, "bb_lower": 1.3482597914189545, "volume": 17887124, "high_d": 1.8, "low_d": 1.65, "summary": "NEUTRAL", "error": null}, "sentiment": {"ticker": "SLNH", "stocktwits_bull": 14, "stocktwits_bear": 3, "stocktwits_total": 30, "reddit_mentions_7d": 0, "reddit_subs_breakdown": {"wallstreetbets": 0, "stocks": 0, "pennystocks": 0, "Bitcoin": 0, "CryptoCurrency": 0}, "error": "reddit: wallstreetbets: http 403,stocks: http 403,pennystocks: http 403,Bitcoin: http 403,CryptoCurrency: http 403"}, "scores": {"setup": 75, "pivot": 55, "hype_stage": "Building", "sentiment_label": "Bullish lean"}}, {"ticker": "BGDE", "ta": {"ticker": "BGDE", "last_close": 7.23, "daily_change_pct": 2.4079320113314564, "rsi_d": 62.37459208788649, "rsi_w": 53.80859054318241, "macd_macd": 0.4711134963906707, "macd_signal": 0.3878962000064855, "sma20": 5.981000000000001, "sma50": 4.90292, "sma200": 7.896954999999997, "bb_upper": 7.537520478503253, "bb_lower": 4.424479521496749, "volume": 65171, "high_d": 7.57, "low_d": 6.9, "summary": "BUY", "error": null}, "sentiment": {"ticker": "BGDE", "stocktwits_bull": 9, "stocktwits_bear": 0, "stocktwits_total": 30, "reddit_mentions_7d": 0, "reddit_subs_breakdown": {"wallstreetbets": 0, "stocks": 0, "pennystocks": 0, "Bitcoin": 0, "CryptoCurrency": 0}, "error": "reddit: wallstreetbets: http 403,stocks: http 403,pennystocks: http 403,Bitcoin: http 403,CryptoCurrency: http 403"}, "scores": {"setup": 65, "pivot": 65, "hype_stage": "Hot", "sentiment_label": "Heavy bullish"}}, {"ticker": "BTBT", "ta": {"ticker": "BTBT", "last_close": 2.02, "daily_change_pct": -0.49261083743841316, "rsi_d": 59.189218719907956, "rsi_w": 52.628360769388166, "macd_macd": 0.09798333327916331, "macd_signal": 0.09134551867114643, "sma20": 1.89325, "sma50": 1.6438000000000001, "sma200": 2.3190999999999993, "bb_upper": 2.204284965880028, "bb_lower": 1.5822150341199723, "volume": 20143780, "high_d": 2.0499, "low_d": 1.92, "summary": "BUY", "error": null}, "sentiment": {"ticker": "BTBT", "stocktwits_bull": 14, "stocktwits_bear": 1, "stocktwits_total": 30, "reddit_mentions_7d": 0, "reddit_subs_breakdown": {"wallstreetbets": 0, "stocks": 0, "pennystocks": 0, "Bitcoin": 0, "CryptoCurrency": 0}, "error": "reddit: wallstreetbets: http 403,stocks: http 403,pennystocks: http 403,Bitcoin: http 403,CryptoCurrency: http 403"}, "scores": {"setup": 80, "pivot": 55, "hype_stage": "Building", "sentiment_label": "Heavy bullish"}}, {"ticker": "CORZ", "ta": {"ticker": "CORZ", "last_close": 26.85, "daily_change_pct": -3.2780979827089345, "rsi_d": 67.55092367847737, "rsi_w": 73.8335101928773, "macd_macd": 1.7951769843066891, "macd_signal": 1.5616597859661285, "sma20": 24.017499999999995, "sma50": 20.428399999999996, "sma200": 17.754649999999987, "bb_upper": 27.893404410586086, "bb_lower": 20.141595589413903, "volume": 15296663, "high_d": 27.7999, "low_d": 26.43, "summary": "BUY", "error": null}, "sentiment": {"ticker": "CORZ", "stocktwits_bull": 17, "stocktwits_bear": 0, "stocktwits_total": 30, "reddit_mentions_7d": 0, "reddit_subs_breakdown": {"wallstreetbets": 0, "stocks": 0, "pennystocks": 0, "Bitcoin": 0, "CryptoCurrency": 0}, "error": "reddit: wallstreetbets: http 403,stocks: http 403,pennystocks: http 403,Bitcoin: http 403,CryptoCurrency: http 403"}, "scores": {"setup": 80, "pivot": 95, "hype_stage": "Hot", "sentiment_label": "Heavy bullish"}}, {"ticker": "HUT", "ta": {"ticker": "HUT", "last_close": 124.83, "daily_change_pct": 0.47488731487443936, "rsi_d": 74.31079800371418, "rsi_w": 89.14104318074222, "macd_macd": 11.323789136441349, "macd_signal": 9.961693422175248, "sma20": 102.51199999999999, "sma50": 78.61740000000002, "sma200": 53.00835000000002, "bb_upper": 128.4946308136804, "bb_lower": 76.52936918631957, "volume": 3951212, "high_d": 126.651, "low_d": 119.58, "summary": "BUY", "error": null}, "sentiment": {"ticker": "HUT", "stocktwits_bull": 10, "stocktwits_bear": 0, "stocktwits_total": 30, "reddit_mentions_7d": 0, "reddit_subs_breakdown": {"wallstreetbets": 0, "stocks": 0, "pennystocks": 0, "Bitcoin": 0, "CryptoCurrency": 0}, "error": "reddit: wallstreetbets: http 403,stocks: http 403,pennystocks: http 403,Bitcoin: http 403,CryptoCurrency: http 403"}, "scores": {"setup": 55, "pivot": 95, "hype_stage": "Hot", "sentiment_label": "Heavy bullish"}}, {"ticker": "CLSK", "ta": {"ticker": "CLSK", "last_close": 18.29, "daily_change_pct": 0.8269018743109072, "rsi_d": 77.62047245001754, "rsi_w": 67.72802441607485, "macd_macd": 1.5672997881309332, "macd_signal": 1.2068804611490407, "sma20": 14.804999999999982, "sma50": 12.210999999999986, "sma200": 12.545100000000001, "bb_upper": 18.4233725623548, "bb_lower": 11.186627437645164,