{"version": "1.0", "generated_at_utc": "2026-05-09 02:36:53", "core_holdings": ["WULF", "CIFR", "IREN", "SLNH", "BGDE", "BTBT"], "peers": ["CORZ", "HUT", "CLSK", "APLD", "MARA", "RIOT", "BTDR", "BITF", "HIVE"], "tickers": [{"ticker": "WULF", "ta": {"ticker": "WULF", "last_close": 23.39, "daily_change_pct": -2.62281432139883, "rsi_d": 61.45725717880014, "rsi_w": 74.04197989346022, "macd_macd": 1.725776534824135, "macd_signal": 1.509764461594376, "sma20": 21.272, "sma50": 17.86379999999999, "sma200": 13.569225000000008, "bb_upper": 24.618667596281416, "bb_lower": 17.92533240371858, "volume": 36269694, "high_d": 25.75, "low_d": 22.7401, "summary": "BUY", "error": null}, "sentiment": {"ticker": "WULF", "stocktwits_bull": 16, "stocktwits_bear": 1, "stocktwits_total": 30, "reddit_mentions_7d": 2, "reddit_subs_breakdown": {"wallstreetbets": 0, "stocks": 0, "pennystocks": 1, "Bitcoin": 1, "CryptoCurrency": 0}, "error": null}, "scores": {"setup": 90, "pivot": 95, "hype_stage": "Hot", "sentiment_label": "Heavy bullish"}}, {"ticker": "CIFR", "ta": {"ticker": "CIFR", "last_close": 20.55, "daily_change_pct": -0.652646845540237, "rsi_d": 60.66894575251717, "rsi_w": 61.5696255495689, "macd_macd": 1.2289410278200137, "macd_signal": 0.9960891641487004, "sma20": 18.74175, "sma50": 16.1839, "sma200": 14.786824999999999, "bb_upper": 21.720839248411426, "bb_lower": 15.762660751588575, "volume": 24464211, "high_d": 21.64, "low_d": 19.8, "summary": "BUY", "error": null}, "sentiment": {"ticker": "CIFR", "stocktwits_bull": 14, "stocktwits_bear": 0, "stocktwits_total": 30, "reddit_mentions_7d": 1, "reddit_subs_breakdown": {"wallstreetbets": 1, "stocks": 0, "pennystocks": 0, "Bitcoin": 0, "CryptoCurrency": 0}, "error": null}, "scores": {"setup": 90, "pivot": 90, "hype_stage": "Hot", "sentiment_label": "Heavy bullish"}}, {"ticker": "IREN", "ta": {"ticker": "IREN", "last_close": 61.2, "daily_change_pct": 7.651715039577839, "rsi_d": 67.56835836506788, "rsi_w": 64.47579955161201, "macd_macd": 4.032023491789246, "macd_signal": 2.693713315630622, "sma20": 49.504999999999995, "sma50": 43.25990000000005, "sma200": 42.889625, "bb_upper": 59.81564401480345, "bb_lower": 39.19435598519654, "volume": 110540384, "high_d": 65.61, "low_d": 57.91, "summary": "BUY", "error": null}, "sentiment": {"ticker": "IREN", "stocktwits_bull": 18, "stocktwits_bear": 0, "stocktwits_total": 30, "reddit_mentions_7d": 5, "reddit_subs_breakdown": {"wallstreetbets": 2, "stocks": 1, "pennystocks": 2, "Bitcoin": 0, "CryptoCurrency": 0}, "error": null}, "scores": {"setup": 65, "pivot": 90, "hype_stage": "Hot", "sentiment_label": "Heavy bullish"}}, {"ticker": "SLNH", "ta": {"ticker": "SLNH", "last_close": 1.83, "daily_change_pct": 20.394736842105267, "rsi_d": 66.54663922195743, "rsi_w": 60.31110517246349, "macd_macd": 0.19425185767856123, "macd_signal": 0.1582540871392604, "sma20": 1.3297950000000003, "sma50": 0.9890919999999995, "sma200": 1.418935999999999, "bb_upper": 1.8066798853759132, "bb_lower": 0.8529101146240874, "volume": 54768272, "high_d": 1.92, "low_d": 1.38, "summary": "STRONG_BUY", "error": null}, "sentiment": {"ticker": "SLNH", "stocktwits_bull": 17, "stocktwits_bear": 0, "stocktwits_total": 30, "reddit_mentions_7d": 0, "reddit_subs_breakdown": {"wallstreetbets": 0, "stocks": 0, "pennystocks": 0, "Bitcoin": 0, "CryptoCurrency": 0}, "error": null}, "scores": {"setup": 60, "pivot": 80, "hype_stage": "Hot", "sentiment_label": "Heavy bullish"}}, {"ticker": "BGDE", "ta": {"ticker": "BGDE", "last_close": 6.21, "daily_change_pct": -8.5419734904271, "rsi_d": 57.87683820908422, "rsi_w": 50.81598686587462, "macd_macd": 0.48775811663788193, "macd_signal": 0.5098203582070345, "sma20": 5.798000000000001, "sma50": 3.938519999999999, "sma200": 8.101603299999997, "bb_upper": 7.6956575033445755, "bb_lower": 3.9003424966554263, "volume": 171585, "high_d": 7.1, "low_d": 5.9, "summary": "BUY", "error": null}, "sentiment": {"ticker": "BGDE", "stocktwits_bull": 12, "stocktwits_bear": 0, "stocktwits_total": 30, "reddit_mentions_7d": 2, "reddit_subs_breakdown": {"wallstreetbets": 0, "stocks": 1, "pennystocks": 1, "Bitcoin": 0, "CryptoCurrency": 0}, "error": null}, "scores": {"setup": 75, "pivot": 40, "hype_stage": "Building", "sentiment_label": "Heavy bullish"}}, {"ticker": "BTBT", "ta": {"ticker": "BTBT", "last_close": 1.8, "daily_change_pct": -1.6393442622950833, "rsi_d": 60.22508664737269, "rsi_w": 46.610045612042235, "macd_macd": 0.07283071894764892, "macd_signal": 0.03606603088036704, "sma20": 1.6134999999999997, "sma50": 1.568, "sma200": 2.395075, "bb_upper": 1.871978238929307, "bb_lower": 1.3550217610706925, "volume": 26516088, "high_d": 1.87, "low_d": 1.765, "summary": "BUY", "error": null}, "sentiment": {"ticker": "BTBT", "stocktwits_bull": 10, "stocktwits_bear": 0, "stocktwits_total": 30, "reddit_mentions_7d": 0, "reddit_subs_breakdown": {"wallstreetbets": 0, "stocks": 0, "pennystocks": 0, "Bitcoin": 0, "CryptoCurrency": 0}, "error": null}, "scores": {"setup": 80, "pivot": 55, "hype_stage": "Hot", "sentiment_label": "Heavy bullish"}}, {"ticker": "CORZ", "ta": {"ticker": "CORZ", "last_close": 22.92, "daily_change_pct": 2.5044722719141426, "rsi_d": 64.09562750659558, "rsi_w": 66.7466230535132, "macd_macd": 1.3419144931932756, "macd_signal": 1.1457787427786124, "sma20": 20.6755, "sma50": 17.9942, "sma200": 16.98999999999999, "bb_upper": 23.573254130356794, "bb_lower": 17.777745869643205, "volume": 14830871, "high_d": 23.4, "low_d": 22.26, "summary": "BUY", "error": null}, "sentiment": {"ticker": "CORZ", "stocktwits_bull": 6, "stocktwits_bear": 1, "stocktwits_total": 30, "reddit_mentions_7d": 1, "reddit_subs_breakdown": {"wallstreetbets": 0, "stocks": 0, "pennystocks": 1, "Bitcoin": 0, "CryptoCurrency": 0}, "error": null}, "scores": {"setup": 90, "pivot": 90, "hype_stage": "Hot", "sentiment_label": "Heavy bullish"}}, {"ticker": "HUT", "ta": {"ticker": "HUT", "last_close": 98.46, "daily_change_pct": -2.688278315872715, "rsi_d": 69.38844721878812, "rsi_w": 83.94374782546332, "macd_macd": 9.394010779927655, "macd_signal": 7.215051091215769, "sma20": 79.45549999999999, "sma50": 62.58420000000002, "sma200": 46.90867500000001, "bb_upper": 100.42687618278808, "bb_lower": 58.48412381721189, "volume": 5297051, "high_d": 106.18, "low_d": 96.79, "summary": "BUY", "error": null}, "sentiment": {"ticker": "HUT", "stocktwits_bull": 12, "stocktwits_bear": 1, "stocktwits_total": 30, "reddit_mentions_7d": 3, "reddit_subs_breakdown": {"wallstreetbets": 1, "stocks": 0, "pennystocks": 2, "Bitcoin": 0, "CryptoCurrency": 0}, "error": null}, "scores": {"setup": 65, "pivot": 95, "hype_stage": "Hot", "sentiment_label": "Heavy bullish"}}, {"ticker": "CLSK", "ta": {"ticker": "CLSK", "last_close": 14.2, "daily_change_pct": 1.57367668097281, "rsi_d": 67.37238165951074, "rsi_w": 59.678332891553865, "macd_macd": 0.9509678483485668, "macd_signal": 0.7602785881720256, "sma20": 12.322999999999983, "sma50": 10.68219999999999, "sma200": 12.2409, "bb_upper": 14.336465668940427, "bb_lower": 10.309534331059538, "volume": 15906313, "high_d": 14.45, "low_d": 13.57, "summary": "BUY", "error": null}, "sentiment": {"ticker": "CLSK", "stocktwits_bull": 15, "stocktwits_bear": 2, "stocktwits_total": 30, "reddit_mentions_7d": 1, "reddit_subs_breakdown": {"wallstreetbets": 1, "stocks": 0, "pennystocks": 0, "Bitcoin": 0, "CryptoCurrency": 0}, "error": null}, "scores": {"setup": 60, "pivot": 80, "hype_stage": "Hot", "sentiment_label": "Heavy bullish"}}, {"ticker": "APLD", "ta": {"ticker": "APLD", "last_close": 41.25, "daily_change_pct": -0.674211413436073, "rsi_d": 66.11235604437726, "rsi_w": 66.00908644376365, "macd_macd": 3.2977241231202896, "macd_signal": 2.3952330100673196, "sma20": 34.37825, "sma50": 29.559900000000017, "sma200": 27.01982500000001, "bb_upper": 42.77465832439655, "bb_lower": 25.981841675603455, "volume": 19714588, "high_d": 42.401, "low_d": 40.27, "summary": "BUY", "error": null}, "sentiment": {"ticker": "APLD", "stocktwits_bull": 12,