{"version": "1.0", "generated_at_utc": "2026-05-22 23:05:42", "core_holdings": ["WULF", "CIFR", "IREN", "SLNH", "BGDE", "BTBT"], "peers": ["CORZ", "HUT", "CLSK", "APLD", "MARA", "RIOT", "BTDR", "BITF", "HIVE"], "tickers": [{"ticker": "WULF", "ta": {"ticker": "WULF", "last_close": 22.82, "daily_change_pct": -0.43630017452007597, "rsi_d": 55.93033991213516, "rsi_w": 70.35915416970954, "macd_macd": 0.7900946138725935, "macd_signal": 1.0738493269483924, "sma20": 22.4925, "sma50": 19.387999999999998, "sma200": 14.443175000000007, "bb_upper": 25.142065058646388, "bb_lower": 19.84293494135361, "volume": 20773483, "high_d": 23.24, "low_d": 21.88, "summary": "STRONG_BUY", "error": null}, "sentiment": {"ticker": "WULF", "stocktwits_bull": 23, "stocktwits_bear": 0, "stocktwits_total": 30, "reddit_mentions_7d": 0, "reddit_subs_breakdown": {"wallstreetbets": 0, "stocks": 0, "pennystocks": 0, "Bitcoin": 0, "CryptoCurrency": 0}, "error": "reddit: wallstreetbets: http 403,stocks: http 403,pennystocks: http 403,Bitcoin: http 403,CryptoCurrency: http 403"}, "scores": {"setup": 85, "pivot": 80, "hype_stage": "Building", "sentiment_label": "Heavy bullish"}}, {"ticker": "CIFR", "ta": {"ticker": "CIFR", "last_close": 21.97, "daily_change_pct": 2.091078066914495, "rsi_d": 60.77360724904448, "rsi_w": 63.88696303680537, "macd_macd": 0.9424630057228001, "macd_signal": 0.9786418907031921, "sma20": 19.76725, "sma50": 17.3463, "sma200": 15.531225, "bb_upper": 23.29133778976913, "bb_lower": 16.24316221023087, "volume": 19419777, "high_d": 22.35, "low_d": 20.96, "summary": "BUY", "error": null}, "sentiment": {"ticker": "CIFR", "stocktwits_bull": 17, "stocktwits_bear": 1, "stocktwits_total": 30, "reddit_mentions_7d": 0, "reddit_subs_breakdown": {"wallstreetbets": 0, "stocks": 0, "pennystocks": 0, "Bitcoin": 0, "CryptoCurrency": 0}, "error": "reddit: wallstreetbets: http 403,stocks: http 403,pennystocks: http 403,Bitcoin: http 403,CryptoCurrency: http 403"}, "scores": {"setup": 75, "pivot": 75, "hype_stage": "Hot", "sentiment_label": "Heavy bullish"}}, {"ticker": "IREN", "ta": {"ticker": "IREN", "last_close": 56.83, "daily_change_pct": -2.1184981054082055, "rsi_d": 56.60848102901862, "rsi_w": 59.297651179534164, "macd_macd": 2.447291140007536, "macd_signal": 2.726171759661391, "sma20": 52.705, "sma50": 46.09700000000005, "sma200": 44.77407500000001, "bb_upper": 63.59227054867292, "bb_lower": 41.817729451327075, "volume": 36211023, "high_d": 58.815, "low_d": 55.555, "summary": "BUY", "error": null}, "sentiment": {"ticker": "IREN", "stocktwits_bull": 7, "stocktwits_bear": 0, "stocktwits_total": 30, "reddit_mentions_7d": 0, "reddit_subs_breakdown": {"wallstreetbets": 0, "stocks": 0, "pennystocks": 0, "Bitcoin": 0, "CryptoCurrency": 0}, "error": "reddit: wallstreetbets: http 403,stocks: http 403,pennystocks: http 403,Bitcoin: http 403,CryptoCurrency: http 403"}, "scores": {"setup": 85, "pivot": 75, "hype_stage": "Building", "sentiment_label": "Heavy bullish"}}, {"ticker": "SLNH", "ta": {"ticker": "SLNH", "last_close": 1.71, "daily_change_pct": -2.285714285714288, "rsi_d": 53.76104096075151, "rsi_w": 55.621742511446655, "macd_macd": 0.181603590747609, "macd_signal": 0.21811239470046076, "sma20": 1.6770000000000003, "sma50": 1.1995239999999996, "sma200": 1.4895274999999992, "bb_upper": 2.290745875749889, "bb_lower": 1.063254124250112, "volume": 21353800, "high_d": 1.89, "low_d": 1.7, "summary": "BUY", "error": null}, "sentiment": {"ticker": "SLNH", "stocktwits_bull": 9, "stocktwits_bear": 2, "stocktwits_total": 30, "reddit_mentions_7d": 0, "reddit_subs_breakdown": {"wallstreetbets": 0, "stocks": 0, "pennystocks": 0, "Bitcoin": 0, "CryptoCurrency": 0}, "error": "reddit: wallstreetbets: http 403,stocks: http 403,pennystocks: http 403,Bitcoin: http 403,CryptoCurrency: http 403"}, "scores": {"setup": 80, "pivot": 65, "hype_stage": "Building", "sentiment_label": "Bullish lean"}}, {"ticker": "BGDE", "ta": {"ticker": "BGDE", "last_close": 5.9, "daily_change_pct": 9.25925925925926, "rsi_d": 54.33112157383977, "rsi_w": 49.92549715151521, "macd_macd": 0.24092531962642472, "macd_signal": 0.355454048423931, "sma20": 5.568500000000001, "sma50": 4.54752, "sma200": 7.932734999999997, "bb_upper": 7.08370658657489, "bb_lower": 4.053293413425112, "volume": 80413, "high_d": 6.22, "low_d": 5.34, "summary": "BUY", "error": null}, "sentiment": {"ticker": "BGDE", "stocktwits_bull": 3, "stocktwits_bear": 0, "stocktwits_total": 30, "reddit_mentions_7d": 0, "reddit_subs_breakdown": {"wallstreetbets": 0, "stocks": 0, "pennystocks": 0, "Bitcoin": 0, "CryptoCurrency": 0}, "error": "reddit: wallstreetbets: http 403,stocks: http 403,pennystocks: http 403,Bitcoin: http 403,CryptoCurrency: http 403"}, "scores": {"setup": 75, "pivot": 40, "hype_stage": "Building", "sentiment_label": "Heavy bullish"}}, {"ticker": "BTBT", "ta": {"ticker": "BTBT", "last_close": 1.99, "daily_change_pct": 2.5773195876288684, "rsi_d": 58.41523540507109, "rsi_w": 51.838103184087615, "macd_macd": 0.08384744191181381, "macd_signal": 0.08576208347478122, "sma20": 1.79175, "sma50": 1.6141000000000003, "sma200": 2.3386, "bb_upper": 2.1938852384459664, "bb_lower": 1.3896147615540335, "volume": 32435232, "high_d": 2.07, "low_d": 1.94, "summary": "BUY", "error": null}, "sentiment": {"ticker": "BTBT", "stocktwits_bull": 18, "stocktwits_bear": 0, "stocktwits_total": 30, "reddit_mentions_7d": 0, "reddit_subs_breakdown": {"wallstreetbets": 0, "stocks": 0, "pennystocks": 0, "Bitcoin": 0, "CryptoCurrency": 0}, "error": "reddit: wallstreetbets: http 403,stocks: http 403,pennystocks: http 403,Bitcoin: http 403,CryptoCurrency: http 403"}, "scores": {"setup": 65, "pivot": 40, "hype_stage": "Building", "sentiment_label": "Heavy bullish"}}, {"ticker": "CORZ", "ta": {"ticker": "CORZ", "last_close": 25.26, "daily_change_pct": 1.7727639000805853, "rsi_d": 66.5658469039252, "rsi_w": 71.17756590653896, "macd_macd": 1.380612156112921, "macd_signal": 1.3524392019777278, "sma20": 22.642499999999995, "sma50": 19.589399999999998, "sma200": 17.50574999999999, "bb_upper": 26.109780634733916, "bb_lower": 19.175219365266074, "volume": 11574486, "high_d": 25.63, "low_d": 24.415, "summary": "BUY", "error": null}, "sentiment": {"ticker": "CORZ", "stocktwits_bull": 17, "stocktwits_bear": 1, "stocktwits_total": 30, "reddit_mentions_7d": 0, "reddit_subs_breakdown": {"wallstreetbets": 0, "stocks": 0, "pennystocks": 0, "Bitcoin": 0, "CryptoCurrency": 0}, "error": "reddit: wallstreetbets: http 403,stocks: http 403,pennystocks: http 403,Bitcoin: http 403,CryptoCurrency: http 403"}, "scores": {"setup": 80, "pivot": 90, "hype_stage": "Hot", "sentiment_label": "Heavy bullish"}}, {"ticker": "HUT", "ta": {"ticker": "HUT", "last_close": 105.9, "daily_change_pct": 0.608018240547217, "rsi_d": 64.68211168043224, "rsi_w": 85.71918605532443, "macd_macd": 8.700405871711524, "macd_signal": 9.284819861421035, "sma20": 93.2795, "sma50": 73.04560000000001, "sma200": 51.02022500000002, "bb_upper": 120.56071293124634, "bb_lower": 65.99828706875365, "volume": 3304511, "high_d": 108.5299, "low_d": 101.45, "summary": "BUY", "error": null}, "sentiment": {"ticker": "HUT", "stocktwits_bull": 10, "stocktwits_bear": 0, "stocktwits_total": 30, "reddit_mentions_7d": 0, "reddit_subs_breakdown": {"wallstreetbets": 0, "stocks": 0, "pennystocks": 0, "Bitcoin": 0, "CryptoCurrency": 0}, "error": "reddit: wallstreetbets: http 403,stocks: http 403,pennystocks: http 403,Bitcoin: http 403,CryptoCurrency: http 403"}, "scores": {"setup": 75, "pivot": 80, "hype_stage": "Hot", "sentiment_label": "Heavy bullish"}}, {"ticker": "CLSK", "ta": {"ticker": "CLSK", "last_close": 15.97, "daily_change_pct": 1.3324873096446754, "rsi_d": 69.57255402622387, "rsi_w": 62.939665261185695, "macd_macd": 1.0412104423069266, "macd_signal": 0.8882390129740119, "sma20": 13.62199999999998, "sma50": 11.574399999999986, "sma200": 12.390000000000002, "bb_upper": 16.109091473991686, "bb_lower": 11.134908526008275, "volume": 21122424, "high_d": 16.655,