{
  "version": "1.0",
  "generated_at_utc": "2026-06-11 23:05:23",
  "core_holdings": [
    "CIFR",
    "IREN",
    "SLNH",
    "BGDE",
    "BTBT"
  ],
  "peers": [
    "CORZ",
    "HUT",
    "CLSK",
    "APLD",
    "MARA",
    "RIOT",
    "BTDR",
    "BITF",
    "HIVE",
    "WULF"
  ],
  "tickers": [
    {
      "ticker": "WULF",
      "ta": {
        "ticker": "WULF",
        "last_close": 25.35,
        "daily_change_pct": 9.314359637774903,
        "rsi_d": 55.0346172062184,
        "rsi_w": 70.80223166714788,
        "macd_macd": 0.8952976376919608,
        "macd_signal": 1.1431638527363623,
        "sma20": 24.420749999999998,
        "sma50": 22.0115,
        "sma200": 15.611200000000007,
        "bb_upper": 28.049987213244655,
        "bb_lower": 20.79151278675534,
        "volume": 29885257,
        "high_d": 25.41,
        "low_d": 23.24,
        "summary": "BUY",
        "error": null
      },
      "sentiment": {
        "ticker": "WULF",
        "stocktwits_bull": 13,
        "stocktwits_bear": 0,
        "stocktwits_total": 30,
        "reddit_mentions_7d": 0,
        "reddit_subs_breakdown": {
          "wallstreetbets": 0,
          "stocks": 0,
          "pennystocks": 0,
          "Bitcoin": 0,
          "CryptoCurrency": 0
        },
        "error": "reddit: wallstreetbets: http 403,stocks: http 403,pennystocks: http 403,Bitcoin: http 403,CryptoCurrency: http 403"
      },
      "scores": {
        "setup": 85,
        "pivot": 80,
        "hype_stage": "Building",
        "sentiment_label": "Heavy bullish"
      }
    },
    {
      "ticker": "CIFR",
      "ta": {
        "ticker": "CIFR",
        "last_close": 22.63,
        "daily_change_pct": 7.659372026641291,
        "rsi_d": 51.62894464125942,
        "rsi_w": 63.27348590800308,
        "macd_macd": 0.9588856836321398,
        "macd_signal": 1.3540129606240296,
        "sma20": 22.77225,
        "sma50": 19.859800000000003,
        "sma200": 16.73485,
        "bb_upper": 27.18626684976394,
        "bb_lower": 18.35823315023606,
        "volume": 22231411,
        "high_d": 22.8499,
        "low_d": 20.692,
        "summary": "BUY",
        "error": null
      },
      "sentiment": {
        "ticker": "CIFR",
        "stocktwits_bull": 14,
        "stocktwits_bear": 0,
        "stocktwits_total": 30,
        "reddit_mentions_7d": 0,
        "reddit_subs_breakdown": {
          "wallstreetbets": 0,
          "stocks": 0,
          "pennystocks": 0,
          "Bitcoin": 0,
          "CryptoCurrency": 0
        },
        "error": "reddit: wallstreetbets: http 403,stocks: http 403,pennystocks: http 403,Bitcoin: http 403,CryptoCurrency: http 403"
      },
      "scores": {
        "setup": 80,
        "pivot": 65,
        "hype_stage": "Building",
        "sentiment_label": "Heavy bullish"
      }
    },
    {
      "ticker": "IREN",
      "ta": {
        "ticker": "IREN",
        "last_close": 56.71,
        "daily_change_pct": 10.07375776397515,
        "rsi_d": 50.163285634576184,
        "rsi_w": 56.866894938566396,
        "macd_macd": 1.2126274404929092,
        "macd_signal": 2.6047806763679153,
        "sma20": 58.37050000000001,
        "sma50": 51.54660000000006,
        "sma200": 47.46215000000001,
        "bb_upper": 69.81213008491355,
        "bb_lower": 46.928869915086466,
        "volume": 48735910,
        "high_d": 57.09,
        "low_d": 50.75,
        "summary": "NEUTRAL",
        "error": null
      },
      "sentiment": {
        "ticker": "IREN",
        "stocktwits_bull": 15,
        "stocktwits_bear": 0,
        "stocktwits_total": 30,
        "reddit_mentions_7d": 0,
        "reddit_subs_breakdown": {
          "wallstreetbets": 0,
          "stocks": 0,
          "pennystocks": 0,
          "Bitcoin": 0,
          "CryptoCurrency": 0
        },
        "error": "reddit: wallstreetbets: http 403,stocks: http 403,pennystocks: http 403,Bitcoin: http 403,CryptoCurrency: http 403"
      },
      "scores": {
        "setup": 80,
        "pivot": 65,
        "hype_stage": "Building",
        "sentiment_label": "Heavy bullish"
      }
    },
    {
      "ticker": "SLNH",
      "ta": {
        "ticker": "SLNH",
        "last_close": 1.42,
        "daily_change_pct": 3.649635036496337,
        "rsi_d": 44.39282321302544,
        "rsi_w": 50.801819157075464,
        "macd_macd": -0.037880500785690385,
        "macd_signal": 0.02704002892855366,
        "sma20": 1.6942500000000003,
        "sma50": 1.4223839999999992,
        "sma200": 1.560646999999999,
        "bb_upper": 2.1905490529912344,
        "bb_lower": 1.197950947008766,
        "volume": 9812819,
        "high_d": 1.47,
        "low_d": 1.3403,
        "summary": "SELL",
        "error": null
      },
      "sentiment": {
        "ticker": "SLNH",
        "stocktwits_bull": 14,
        "stocktwits_bear": 2,
        "stocktwits_total": 30,
        "reddit_mentions_7d": 0,
        "reddit_subs_breakdown": {
          "wallstreetbets": 0,
          "stocks": 0,
          "pennystocks": 0,
          "Bitcoin": 0,
          "CryptoCurrency": 0
        },
        "error": "reddit: wallstreetbets: http 403,stocks: http 403,pennystocks: http 403,Bitcoin: http 403,CryptoCurrency: http 403"
      },
      "scores": {
        "setup": 35,
        "pivot": 30,
        "hype_stage": "Building",
        "sentiment_label": "Heavy bullish"
      }
    },
    {
      "ticker": "BGDE",
      "ta": {
        "ticker": "BGDE",
        "last_close": 7.19,
        "daily_change_pct": 12.69592476489029,
        "rsi_d": 56.36952536746017,
        "rsi_w": 53.655017212690225,
        "macd_macd": 0.41573322999882656,
        "macd_signal": 0.4860519175262203,
        "sma20": 6.659500000000003,
        "sma50": 5.78932,
        "sma200": 7.826374999999997,
        "bb_upper": 8.184511147500206,
        "bb_lower": 5.1344888524998,
        "volume": 162454,
        "high_d": 7.49,
        "low_d": 6.7042,
        "summary": "BUY",
        "error": null
      },
      "sentiment": {
        "ticker": "BGDE",
        "stocktwits_bull": 4,
        "stocktwits_bear": 0,
        "stocktwits_total": 30,
        "reddit_mentions_7d": 0,
        "reddit_subs_breakdown": {
          "wallstreetbets": 0,
          "stocks": 0,
          "pennystocks": 0,
          "Bitcoin": 0,
          "CryptoCurrency": 0
        },
        "error": "reddit: wallstreetbets: http 403,stocks: http 403,pennystocks: http 403,Bitcoin: http 403,CryptoCurrency: http 403"
      },
      "scores": {
        "setup": 75,
        "pivot": 50,
        "hype_stage": "Building",
        "sentiment_label": "Heavy bullish"
      }
    },
    {
      "ticker": "BTBT",
      "ta": {
        "ticker": "BTBT",
        "last_close": 1.73,
        "daily_change_pct": 1.764705882352943,
        "rsi_d": 45.88070949387119,
        "rsi_w": 45.543417859461314,
        "macd_macd": -0.00471122765752896,
        "macd_signal": 0.03655274012813971,
        "sma20": 1.87625,
        "sma50": 1.7078999999999995,
        "sma200": 2.270249999999999,
        "bb_upper": 2.169897322480548,
        "bb_lower": 1.5826026775194524,
        "volume": 18373919,
        "high_d": 1.75,
        "low_d": 1.67,
        "summary": "SELL",
        "error": null
      },
      "sentiment": {
        "ticker": "BTBT",
        "stocktwits_bull": 10,
        "stocktwits_bear": 1,
        "stocktwits_total": 30,
        "reddit_mentions_7d": 0,
        "reddit_subs_breakdown": {
          "wallstreetbets": 0,
          "stocks": 0,
          "pennystocks": 0,
          "Bitcoin": 0,
          "CryptoCurrency": 0
        },
        "error": "reddit: wallstreetbets: http 403,stocks: http 403,pennystocks: http 403,Bitcoin: http 403,CryptoCurrency: http 403"
      },
      "scores": {
        "setup": 45,
        "pivot": 20,
        "hype_stage": "Building",
        "sentiment_label": "Heavy bullish"
      }
    },
    {
      "ticker": "CORZ",
      "ta": {
        "ticker": "CORZ",