{"version": "1.0", "generated_at_utc": "2026-06-09 09:09:50", "core_holdings": ["WULF", "CIFR", "IREN", "SLNH", "BGDE", "BTBT"], "peers": ["CORZ", "HUT", "CLSK", "APLD", "MARA", "RIOT", "BTDR", "BITF", "HIVE"], "tickers": [{"ticker": "WULF", "ta": {"ticker": "WULF", "last_close": 25.86, "daily_change_pct": 7.749999999999997, "rsi_d": 58.5775796937818, "rsi_w": 71.5924958022719, "macd_macd": 1.2372815648812825, "macd_signal": 1.304392778157028, "sma20": 24.19325, "sma50": 21.395100000000003, "sma200": 15.378400000000008, "bb_upper": 27.856396564089327, "bb_lower": 20.53010343591067, "volume": 23127601, "high_d": 26.196405, "low_d": 24.32, "summary": "STRONG_BUY", "error": null}, "sentiment": {"ticker": "WULF", "stocktwits_bull": 24, "stocktwits_bear": 0, "stocktwits_total": 30, "reddit_mentions_7d": 0, "reddit_subs_breakdown": {"wallstreetbets": 0, "stocks": 0, "pennystocks": 0, "Bitcoin": 0, "CryptoCurrency": 0}, "error": "reddit: wallstreetbets: http 403,stocks: http 403,pennystocks: http 403,Bitcoin: http 403,CryptoCurrency: http 403"}, "scores": {"setup": 75, "pivot": 80, "hype_stage": "Building", "sentiment_label": "Heavy bullish"}}, {"ticker": "CIFR", "ta": {"ticker": "CIFR", "last_close": 24.29, "daily_change_pct": 8.195991091314031, "rsi_d": 57.386206760099256, "rsi_w": 66.06586588067586, "macd_macd": 1.5722371636479728, "macd_signal": 1.5803373799336995, "sma20": 22.517, "sma50": 19.298700000000004, "sma200": 16.496025, "bb_upper": 27.183270887978907, "bb_lower": 17.850729112021092, "volume": 19407822, "high_d": 24.51, "low_d": 22.75, "summary": "BUY", "error": null}, "sentiment": {"ticker": "CIFR", "stocktwits_bull": 13, "stocktwits_bear": 0, "stocktwits_total": 30, "reddit_mentions_7d": 0, "reddit_subs_breakdown": {"wallstreetbets": 0, "stocks": 0, "pennystocks": 0, "Bitcoin": 0, "CryptoCurrency": 0}, "error": "reddit: wallstreetbets: http 403,stocks: http 403,pennystocks: http 403,Bitcoin: http 403,CryptoCurrency: http 403"}, "scores": {"setup": 85, "pivot": 75, "hype_stage": "Building", "sentiment_label": "Heavy bullish"}}, {"ticker": "IREN", "ta": {"ticker": "IREN", "last_close": 59.19, "daily_change_pct": 8.905243790248383, "rsi_d": 52.301559243686434, "rsi_w": 58.30742811036909, "macd_macd": 2.941499217148163, "macd_signal": 3.610588879784632, "sma20": 58.60200000000001, "sma50": 50.32140000000006, "sma200": 46.97160000000001, "bb_upper": 69.63614627417988, "bb_lower": 47.567853725820136, "volume": 41125379, "high_d": 59.67, "low_d": 55.14, "summary": "BUY", "error": null}, "sentiment": {"ticker": "IREN", "stocktwits_bull": 12, "stocktwits_bear": 1, "stocktwits_total": 30, "reddit_mentions_7d": 0, "reddit_subs_breakdown": {"wallstreetbets": 0, "stocks": 0, "pennystocks": 0, "Bitcoin": 0, "CryptoCurrency": 0}, "error": "reddit: wallstreetbets: http 403,stocks: http 403,pennystocks: http 403,Bitcoin: http 403,CryptoCurrency: http 403"}, "scores": {"setup": 85, "pivot": 75, "hype_stage": "Building", "sentiment_label": "Heavy bullish"}}, {"ticker": "SLNH", "ta": {"ticker": "SLNH", "last_close": 1.37, "daily_change_pct": 2.2388059701492558, "rsi_d": 41.69690885722236, "rsi_w": 50.025961532591396, "macd_macd": -0.0023066597153738044, "macd_signal": 0.0812522682246923, "sma20": 1.7672500000000002, "sma50": 1.3767859999999994, "sma200": 1.5466334999999993, "bb_upper": 2.235218748956591, "bb_lower": 1.2992812510434093, "volume": 15587250, "high_d": 1.44, "low_d": 1.28, "summary": "SELL", "error": null}, "sentiment": {"ticker": "SLNH", "stocktwits_bull": 14, "stocktwits_bear": 0, "stocktwits_total": 30, "reddit_mentions_7d": 0, "reddit_subs_breakdown": {"wallstreetbets": 0, "stocks": 0, "pennystocks": 0, "Bitcoin": 0, "CryptoCurrency": 0}, "error": "reddit: wallstreetbets: http 403,stocks: http 403,pennystocks: http 403,Bitcoin: http 403,CryptoCurrency: http 403"}, "scores": {"setup": 30, "pivot": 20, "hype_stage": "Building", "sentiment_label": "Heavy bullish"}}, {"ticker": "BGDE", "ta": {"ticker": "BGDE", "last_close": 7.21, "daily_change_pct": 1.4064697609001355, "rsi_d": 57.947973741354424, "rsi_w": 53.71681124392786, "macd_macd": 0.5629726138114037, "macd_signal": 0.5270356792971964, "sma20": 6.551500000000002, "sma50": 5.49692, "sma200": 7.852364999999997, "bb_upper": 8.099314911415432, "bb_lower": 5.003685088584572, "volume": 50874, "high_d": 7.74, "low_d": 7, "summary": "BUY", "error": null}, "sentiment": {"ticker": "BGDE", "stocktwits_bull": 4, "stocktwits_bear": 0, "stocktwits_total": 30, "reddit_mentions_7d": 0, "reddit_subs_breakdown": {"wallstreetbets": 0, "stocks": 0, "pennystocks": 0, "Bitcoin": 0, "CryptoCurrency": 0}, "error": "reddit: wallstreetbets: http 403,stocks: http 403,pennystocks: http 403,Bitcoin: http 403,CryptoCurrency: http 403"}, "scores": {"setup": 80, "pivot": 65, "hype_stage": "Building", "sentiment_label": "Heavy bullish"}}, {"ticker": "BTBT", "ta": {"ticker": "BTBT", "last_close": 1.78, "daily_change_pct": 8.536585365853666, "rsi_d": 47.53439707994584, "rsi_w": 46.859219434748155, "macd_macd": 0.028032170610384766, "macd_signal": 0.06784836483133935, "sma20": 1.92375, "sma50": 1.6817999999999997, "sma200": 2.2861999999999996, "bb_upper": 2.2155183156204488, "bb_lower": 1.6319816843795514, "volume": 18676144, "high_d": 1.84, "low_d": 1.68, "summary": "SELL", "error": null}, "sentiment": {"ticker": "BTBT", "stocktwits_bull": 9, "stocktwits_bear": 1, "stocktwits_total": 30, "reddit_mentions_7d": 0, "reddit_subs_breakdown": {"wallstreetbets": 0, "stocks": 0, "pennystocks": 0, "Bitcoin": 0, "CryptoCurrency": 0}, "error": "reddit: wallstreetbets: http 403,stocks: http 403,pennystocks: http 403,Bitcoin: http 403,CryptoCurrency: http 403"}, "scores": {"setup": 45, "pivot": 20, "hype_stage": "Building", "sentiment_label": "Heavy bullish"}}, {"ticker": "CORZ", "ta": {"ticker": "CORZ", "last_close": 27.15, "daily_change_pct": 5.029013539651826, "rsi_d": 59.35140901506298, "rsi_w": 71.81419238767904, "macd_macd": 1.7059571857938494, "macd_signal": 1.808548029879465, "sma20": 25.711999999999996, "sma50": 21.805999999999994, "sma200": 18.167974999999984, "bb_upper": 29.86848697820661, "bb_lower": 21.55551302179338, "volume": 7892249, "high_d": 27.34, "low_d": 25.94, "summary": "BUY", "error": null}, "sentiment": {"ticker": "CORZ", "stocktwits_bull": 12, "stocktwits_bear": 2, "stocktwits_total": 30, "reddit_mentions_7d": 0, "reddit_subs_breakdown": {"wallstreetbets": 0, "stocks": 0, "pennystocks": 0, "Bitcoin": 0, "CryptoCurrency": 0}, "error": "reddit: wallstreetbets: http 403,stocks: http 403,pennystocks: http 403,Bitcoin: http 403,CryptoCurrency: http 403"}, "scores": {"setup": 85, "pivot": 75, "hype_stage": "Building", "sentiment_label": "Heavy bullish"}}, {"ticker": "HUT", "ta": {"ticker": "HUT", "last_close": 119.6, "daily_change_pct": 6.557377049180328, "rsi_d": 59.21238501998369, "rsi_w": 78.10288041659238, "macd_macd": 10.626633604269983, "macd_signal": 11.44535987725432, "sma20": 113.119, "sma50": 87.5434, "sma200": 56.09885000000002, "bb_upper": 137.6465958055412, "bb_lower": 88.59140419445879, "volume": 3601583, "high_d": 121.38, "low_d": 113.64, "summary": "BUY", "error": null}, "sentiment": {"ticker": "HUT", "stocktwits_bull": 12, "stocktwits_bear": 0, "stocktwits_total": 30, "reddit_mentions_7d": 0, "reddit_subs_breakdown": {"wallstreetbets": 0, "stocks": 0, "pennystocks": 0, "Bitcoin": 0, "CryptoCurrency": 0}, "error": "reddit: wallstreetbets: http 403,stocks: http 403,pennystocks: http 403,Bitcoin: http 403,CryptoCurrency: http 403"}, "scores": {"setup": 85, "pivot": 80, "hype_stage": "Building", "sentiment_label": "Heavy bullish"}}, {"ticker": "CLSK", "ta": {"ticker": "CLSK", "last_close": 16.52, "daily_change_pct": 5.9653624118024355, "rsi_d": 56.809506832393545, "rsi_w": 60.339361902055444, "macd_macd": 1.1416240958796582, "macd_signal": 1.3325435978125868, "sma20": 15.895499999999979, "sma50": 13.107799999999997, "sma200": 12.767750000000001, "bb_upper": 19.550001197154344,