{"version": "1.0", "generated_at_utc": "2026-05-20 23:06:26", "core_holdings": ["WULF", "CIFR", "IREN", "SLNH", "BGDE", "BTBT"], "peers": ["CORZ", "HUT", "CLSK", "APLD", "MARA", "RIOT", "BTDR", "BITF", "HIVE"], "tickers": [{"ticker": "WULF", "ta": {"ticker": "WULF", "last_close": 21.63, "daily_change_pct": 1.358950328022489, "rsi_d": 51.281475813331234, "rsi_w": 66.55124648688357, "macd_macd": 0.8192022093119675, "macd_signal": 1.2278484241140926, "sma20": 22.2245, "sma50": 19.070999999999998, "sma200": 14.265525000000007, "bb_upper": 25.192404816533013, "bb_lower": 19.256595183466985, "volume": 20073795, "high_d": 22.48, "low_d": 21.4, "summary": "NEUTRAL", "error": null}, "sentiment": {"ticker": "WULF", "stocktwits_bull": 19, "stocktwits_bear": 1, "stocktwits_total": 30, "reddit_mentions_7d": 0, "reddit_subs_breakdown": {"wallstreetbets": 0, "stocks": 0, "pennystocks": 0, "Bitcoin": 0, "CryptoCurrency": 0}, "error": "reddit: wallstreetbets: http 403,stocks: http 403,pennystocks: http 403,Bitcoin: http 403,CryptoCurrency: http 403"}, "scores": {"setup": 80, "pivot": 70, "hype_stage": "Building", "sentiment_label": "Heavy bullish"}}, {"ticker": "CIFR", "ta": {"ticker": "CIFR", "last_close": 19.48, "daily_change_pct": 3.617021276595743, "rsi_d": 52.18666458987589, "rsi_w": 58.47560578514023, "macd_macd": 0.7752670281244889, "macd_signal": 1.0210218711480086, "sma20": 19.43725, "sma50": 17.0329, "sma200": 15.364875, "bb_upper": 22.772230472206708, "bb_lower": 16.10226952779329, "volume": 21484966, "high_d": 20.44, "low_d": 19.06, "summary": "BUY", "error": null}, "sentiment": {"ticker": "CIFR", "stocktwits_bull": 10, "stocktwits_bear": 0, "stocktwits_total": 30, "reddit_mentions_7d": 0, "reddit_subs_breakdown": {"wallstreetbets": 0, "stocks": 0, "pennystocks": 0, "Bitcoin": 0, "CryptoCurrency": 0}, "error": "reddit: wallstreetbets: http 403,stocks: http 403,pennystocks: http 403,Bitcoin: http 403,CryptoCurrency: http 403"}, "scores": {"setup": 85, "pivot": 75, "hype_stage": "Building", "sentiment_label": "Heavy bullish"}}, {"ticker": "IREN", "ta": {"ticker": "IREN", "last_close": 52.71, "daily_change_pct": 10.410557184750731, "rsi_d": 52.75258574081743, "rsi_w": 56.65829030957509, "macd_macd": 2.086005673889524, "macd_signal": 2.9051981928719988, "sma20": 52.09349999999999, "sma50": 45.46620000000005, "sma200": 44.373475000000006, "bb_upper": 62.52639466063964, "bb_lower": 41.660605339360345, "volume": 44337826, "high_d": 53.12, "low_d": 48.55, "summary": "BUY", "error": null}, "sentiment": {"ticker": "IREN", "stocktwits_bull": 12, "stocktwits_bear": 1, "stocktwits_total": 30, "reddit_mentions_7d": 0, "reddit_subs_breakdown": {"wallstreetbets": 0, "stocks": 0, "pennystocks": 0, "Bitcoin": 0, "CryptoCurrency": 0}, "error": "reddit: wallstreetbets: http 403,stocks: http 403,pennystocks: http 403,Bitcoin: http 403,CryptoCurrency: http 403"}, "scores": {"setup": 85, "pivot": 75, "hype_stage": "Building", "sentiment_label": "Heavy bullish"}}, {"ticker": "SLNH", "ta": {"ticker": "SLNH", "last_close": 1.66, "daily_change_pct": -9.289617486338805, "rsi_d": 52.73379336476282, "rsi_w": 54.83705768722875, "macd_macd": 0.22354848672805838, "macd_signal": 0.23327027668374128, "sma20": 1.6310000000000002, "sma50": 1.1628099999999995, "sma200": 1.476862499999999, "bb_upper": 2.290663550607427, "bb_lower": 0.9713364493925732, "volume": 19341350, "high_d": 1.88, "low_d": 1.66, "summary": "NEUTRAL", "error": null}, "sentiment": {"ticker": "SLNH", "stocktwits_bull": 13, "stocktwits_bear": 3, "stocktwits_total": 30, "reddit_mentions_7d": 0, "reddit_subs_breakdown": {"wallstreetbets": 0, "stocks": 0, "pennystocks": 0, "Bitcoin": 0, "CryptoCurrency": 0}, "error": "reddit: wallstreetbets: http 403,stocks: http 403,pennystocks: http 403,Bitcoin: http 403,CryptoCurrency: http 403"}, "scores": {"setup": 80, "pivot": 65, "hype_stage": "Building", "sentiment_label": "Bullish lean"}}, {"ticker": "BGDE", "ta": {"ticker": "BGDE", "last_close": 5.31, "daily_change_pct": -3.2786885245901747, "rsi_d": 48.94759198664708, "rsi_w": 48.25452075377609, "macd_macd": 0.29040519434609813, "macd_signal": 0.4196470906770236, "sma20": 5.670500000000001, "sma50": 4.428519999999999, "sma200": 7.966424299999997, "bb_upper": 7.375756285723625, "bb_lower": 3.9652437142763777, "volume": 62906, "high_d": 5.76, "low_d": 5.21, "summary": "SELL", "error": null}, "sentiment": {"ticker": "BGDE", "stocktwits_bull": 6, "stocktwits_bear": 0, "stocktwits_total": 30, "reddit_mentions_7d": 0, "reddit_subs_breakdown": {"wallstreetbets": 0, "stocks": 0, "pennystocks": 0, "Bitcoin": 0, "CryptoCurrency": 0}, "error": "reddit: wallstreetbets: http 403,stocks: http 403,pennystocks: http 403,Bitcoin: http 403,CryptoCurrency: http 403"}, "scores": {"setup": 55, "pivot": 20, "hype_stage": "Building", "sentiment_label": "Heavy bullish"}}, {"ticker": "BTBT", "ta": {"ticker": "BTBT", "last_close": 1.76, "daily_change_pct": 1.7341040462427761, "rsi_d": 50.892509957981794, "rsi_w": 45.58060232066848, "macd_macd": 0.07220944803306661, "macd_signal": 0.0885533211823299, "sma20": 1.7552499999999998, "sma50": 1.6005, "sma200": 2.3519, "bb_upper": 2.153991457588746, "bb_lower": 1.3565085424112535, "volume": 16791587, "high_d": 1.83, "low_d": 1.7101, "summary": "NEUTRAL", "error": null}, "sentiment": {"ticker": "BTBT", "stocktwits_bull": 14, "stocktwits_bear": 0, "stocktwits_total": 30, "reddit_mentions_7d": 0, "reddit_subs_breakdown": {"wallstreetbets": 0, "stocks": 0, "pennystocks": 0, "Bitcoin": 0, "CryptoCurrency": 0}, "error": "reddit: wallstreetbets: http 403,stocks: http 403,pennystocks: http 403,Bitcoin: http 403,CryptoCurrency: http 403"}, "scores": {"setup": 75, "pivot": 40, "hype_stage": "Building", "sentiment_label": "Heavy bullish"}}, {"ticker": "CORZ", "ta": {"ticker": "CORZ", "last_close": 23.18, "daily_change_pct": 1.1343804537521727, "rsi_d": 58.5894656658724, "rsi_w": 65.03049973780904, "macd_macd": 1.2710964065005328, "macd_signal": 1.3514288857424996, "sma20": 22.222999999999995, "sma50": 19.243399999999998, "sma200": 17.396299999999986, "bb_upper": 25.431183909940454, "bb_lower": 19.014816090059536, "volume": 6608019, "high_d": 23.59, "low_d": 22.785, "summary": "BUY", "error": null}, "sentiment": {"ticker": "CORZ", "stocktwits_bull": 15, "stocktwits_bear": 1, "stocktwits_total": 30, "reddit_mentions_7d": 0, "reddit_subs_breakdown": {"wallstreetbets": 0, "stocks": 0, "pennystocks": 0, "Bitcoin": 0, "CryptoCurrency": 0}, "error": "reddit: wallstreetbets: http 403,stocks: http 403,pennystocks: http 403,Bitcoin: http 403,CryptoCurrency: http 403"}, "scores": {"setup": 85, "pivot": 75, "hype_stage": "Building", "sentiment_label": "Heavy bullish"}}, {"ticker": "HUT", "ta": {"ticker": "HUT", "last_close": 96.51, "daily_change_pct": 3.429428785767873, "rsi_d": 58.51602526405275, "rsi_w": 77.39072287604458, "macd_macd": 8.646610357180776, "macd_signal": 9.61271355981636, "sma20": 90.50349999999999, "sma50": 70.81560000000002, "sma200": 50.16922500000001, "bb_upper": 117.86839450007088, "bb_lower": 63.13860549992909, "volume": 4106322, "high_d": 100.56, "low_d": 94.84, "summary": "BUY", "error": null}, "sentiment": {"ticker": "HUT", "stocktwits_bull": 6, "stocktwits_bear": 0, "stocktwits_total": 30, "reddit_mentions_7d": 0, "reddit_subs_breakdown": {"wallstreetbets": 0, "stocks": 0, "pennystocks": 0, "Bitcoin": 0, "CryptoCurrency": 0}, "error": "reddit: wallstreetbets: http 403,stocks: http 403,pennystocks: http 403,Bitcoin: http 403,CryptoCurrency: http 403"}, "scores": {"setup": 85, "pivot": 80, "hype_stage": "Building", "sentiment_label": "Heavy bullish"}}, {"ticker": "CLSK", "ta": {"ticker": "CLSK", "last_close": 15.4, "daily_change_pct": 4.833219877467672, "rsi_d": 67.12726675424474, "rsi_w": 61.64120609627492, "macd_macd": 0.8767539569763194, "macd_signal": 0.821059421472917, "sma20": 13.284999999999979, "sma50": 11.326999999999988, "sma200": 12.340500000000002, "bb_upper": 15.346712880107757,