{"version": "1.0", "generated_at_utc": "2026-05-15 23:06:26", "core_holdings": ["WULF", "CIFR", "IREN", "SLNH", "BGDE", "BTBT"], "peers": ["CORZ", "HUT", "CLSK", "APLD", "MARA", "RIOT", "BTDR", "BITF", "HIVE"], "tickers": [{"ticker": "WULF", "ta": {"ticker": "WULF", "last_close": 22.32, "daily_change_pct": -7.654116673562273, "rsi_d": 54.1022403290574, "rsi_w": 69.43004526623055, "macd_macd": 1.3586474873372936, "macd_signal": 1.500624015756466, "sma20": 22.059999999999995, "sma50": 18.627799999999993, "sma200": 14.019025000000008, "bb_upper": 25.315506105047373, "bb_lower": 18.804493894952618, "volume": 23935122, "high_d": 23.15, "low_d": 22.05, "summary": "BUY", "error": null}, "sentiment": {"ticker": "WULF", "stocktwits_bull": 18, "stocktwits_bear": 2, "stocktwits_total": 30, "reddit_mentions_7d": 0, "reddit_subs_breakdown": {"wallstreetbets": 0, "stocks": 0, "pennystocks": 0, "Bitcoin": 0, "CryptoCurrency": 0}, "error": null}, "scores": {"setup": 85, "pivot": 80, "hype_stage": "Building", "sentiment_label": "Heavy bullish"}}, {"ticker": "CIFR", "ta": {"ticker": "CIFR", "last_close": 20.33, "daily_change_pct": -8.793180798564384, "rsi_d": 55.786940776345894, "rsi_w": 60.94479158918206, "macd_macd": 1.229169316664155, "macd_signal": 1.15692279968541, "sma20": 19.40575, "sma50": 16.7227, "sma200": 15.155774999999998, "bb_upper": 22.783798660099464, "bb_lower": 16.02770133990054, "volume": 24227414, "high_d": 21.32, "low_d": 20.04, "summary": "BUY", "error": null}, "sentiment": {"ticker": "CIFR", "stocktwits_bull": 14, "stocktwits_bear": 0, "stocktwits_total": 30, "reddit_mentions_7d": 0, "reddit_subs_breakdown": {"wallstreetbets": 0, "stocks": 0, "pennystocks": 0, "Bitcoin": 0, "CryptoCurrency": 0}, "error": null}, "scores": {"setup": 100, "pivot": 90, "hype_stage": "Building", "sentiment_label": "Heavy bullish"}}, {"ticker": "IREN", "ta": {"ticker": "IREN", "last_close": 52.94, "daily_change_pct": -9.349315068493153, "rsi_d": 53.08016459068333, "rsi_w": 56.85900152488522, "macd_macd": 3.493425701744883, "macd_signal": 3.4210016013747397, "sma20": 51.662, "sma50": 44.72120000000005, "sma200": 43.858875000000005, "bb_upper": 62.53887933186721, "bb_lower": 40.78512066813279, "volume": 48577848, "high_d": 56.79, "low_d": 52.86, "summary": "BUY", "error": null}, "sentiment": {"ticker": "IREN", "stocktwits_bull": 11, "stocktwits_bear": 2, "stocktwits_total": 30, "reddit_mentions_7d": 5, "reddit_subs_breakdown": {"wallstreetbets": 3, "stocks": 2, "pennystocks": 0, "Bitcoin": 0, "CryptoCurrency": 0}, "error": null}, "scores": {"setup": 100, "pivot": 90, "hype_stage": "Building", "sentiment_label": "Bullish lean"}}, {"ticker": "SLNH", "ta": {"ticker": "SLNH", "last_close": 2.22, "daily_change_pct": 2.77777777777778, "rsi_d": 71.8217464601908, "rsi_w": 65.1274732948356, "macd_macd": 0.28439910914809263, "macd_signal": 0.21959059917523474, "sma20": 1.568, "sma50": 1.1002599999999996, "sma200": 1.4563859999999993, "bb_upper": 2.2216849394012375, "bb_lower": 0.9143150605987627, "volume": 38033775, "high_d": 2.355, "low_d": 1.96, "summary": "BUY", "error": null}, "sentiment": {"ticker": "SLNH", "stocktwits_bull": 15, "stocktwits_bear": 0, "stocktwits_total": 30, "reddit_mentions_7d": 0, "reddit_subs_breakdown": {"wallstreetbets": 0, "stocks": 0, "pennystocks": 0, "Bitcoin": 0, "CryptoCurrency": 0}, "error": null}, "scores": {"setup": 50, "pivot": 85, "hype_stage": "Hot", "sentiment_label": "Heavy bullish"}}, {"ticker": "BGDE", "ta": {"ticker": "BGDE", "last_close": 6.05, "daily_change_pct": -3.968253968253968, "rsi_d": 55.539405913064115, "rsi_w": 50.36893661326744, "macd_macd": 0.46361242977016115, "macd_signal": 0.48971339221482607, "sma20": 5.802000000000001, "sma50": 4.262719999999999, "sma200": 8.009934299999998, "bb_upper": 7.57113086005528, "bb_lower": 4.032869139944723, "volume": 95031, "high_d": 6.64, "low_d": 5.83, "summary": "BUY", "error": null}, "sentiment": {"ticker": "BGDE", "stocktwits_bull": 11, "stocktwits_bear": 0, "stocktwits_total": 30, "reddit_mentions_7d": 0, "reddit_subs_breakdown": {"wallstreetbets": 0, "stocks": 0, "pennystocks": 0, "Bitcoin": 0, "CryptoCurrency": 0}, "error": null}, "scores": {"setup": 75, "pivot": 40, "hype_stage": "Building", "sentiment_label": "Heavy bullish"}}, {"ticker": "BTBT", "ta": {"ticker": "BTBT", "last_close": 1.805, "daily_change_pct": -15.258215962441312, "rsi_d": 52.3127435513598, "rsi_w": 46.75155736805994, "macd_macd": 0.12165156735768967, "macd_signal": 0.09381916106199575, "sma20": 1.73825, "sma50": 1.5957, "sma200": 2.3697000000000004, "bb_upper": 2.150551770551609, "bb_lower": 1.325948229448391, "volume": 31584453, "high_d": 1.97, "low_d": 1.74, "summary": "NEUTRAL", "error": null}, "sentiment": {"ticker": "BTBT", "stocktwits_bull": 14, "stocktwits_bear": 0, "stocktwits_total": 30, "reddit_mentions_7d": 1, "reddit_subs_breakdown": {"wallstreetbets": 0, "stocks": 1, "pennystocks": 0, "Bitcoin": 0, "CryptoCurrency": 0}, "error": null}, "scores": {"setup": 90, "pivot": 55, "hype_stage": "Building", "sentiment_label": "Heavy bullish"}}, {"ticker": "CORZ", "ta": {"ticker": "CORZ", "last_close": 24.21, "daily_change_pct": -2.8491171749598747, "rsi_d": 65.59455913051771, "rsi_w": 69.26454069832556, "macd_macd": 1.5287676897436064, "macd_signal": 1.3518471105366578, "sma20": 21.830999999999996, "sma50": 18.7596, "sma200": 17.247149999999987, "bb_upper": 25.113918823242614, "bb_lower": 18.54808117675738, "volume": 10133103, "high_d": 24.6, "low_d": 23.37, "summary": "BUY", "error": null}, "sentiment": {"ticker": "CORZ", "stocktwits_bull": 15, "stocktwits_bear": 0, "stocktwits_total": 30, "reddit_mentions_7d": 0, "reddit_subs_breakdown": {"wallstreetbets": 0, "stocks": 0, "pennystocks": 0, "Bitcoin": 0, "CryptoCurrency": 0}, "error": null}, "scores": {"setup": 80, "pivot": 90, "hype_stage": "Hot", "sentiment_label": "Heavy bullish"}}, {"ticker": "HUT", "ta": {"ticker": "HUT", "last_close": 102.47, "daily_change_pct": -6.308859833592398, "rsi_d": 65.77369784521616, "rsi_w": 84.91963841938744, "macd_macd": 11.336708802684527, "macd_signal": 9.875804159771134, "sma20": 88.018, "sma50": 67.99500000000002, "sma200": 49.050125000000016, "bb_upper": 116.18173171296723, "bb_lower": 59.854268287032774, "volume": 4779791, "high_d": 104.47, "low_d": 99.52, "summary": "BUY", "error": null}, "sentiment": {"ticker": "HUT", "stocktwits_bull": 9, "stocktwits_bear": 0, "stocktwits_total": 30, "reddit_mentions_7d": 2, "reddit_subs_breakdown": {"wallstreetbets": 2, "stocks": 0, "pennystocks": 0, "Bitcoin": 0, "CryptoCurrency": 0}, "error": null}, "scores": {"setup": 80, "pivot": 95, "hype_stage": "Hot", "sentiment_label": "Heavy bullish"}}, {"ticker": "CLSK", "ta": {"ticker": "CLSK", "last_close": 13.11, "daily_change_pct": -6.223175965665243, "rsi_d": 54.69647614859149, "rsi_w": 55.357294080396684, "macd_macd": 0.781612906413578, "macd_signal": 0.831826645845731, "sma20": 12.89699999999998, "sma50": 11.025399999999985, "sma200": 12.284999999999998, "bb_upper": 14.773305945202402, "bb_lower": 11.02069405479756, "volume": 17531357, "high_d": 13.61, "low_d": 12.8, "summary": "BUY", "error": null}, "sentiment": {"ticker": "CLSK", "stocktwits_bull": 8, "stocktwits_bear": 1, "stocktwits_total": 30, "reddit_mentions_7d": 1, "reddit_subs_breakdown": {"wallstreetbets": 1, "stocks": 0, "pennystocks": 0, "Bitcoin": 0, "CryptoCurrency": 0}, "error": null}, "scores": {"setup": 80, "pivot": 60, "hype_stage": "Building", "sentiment_label": "Heavy bullish"}}, {"ticker": "APLD", "ta": {"ticker": "APLD", "last_close": 42.56, "daily_change_pct": -8.884607150503102, "rsi_d": 60.845828223504775, "rsi_w": 67.14132261956736, "macd_macd": 4.0418787949224395, "macd_signal": 3.4767159386553015, "sma20": 37.966750000000005, "sma50": 31.26350000000001, "sma200": 27.87277500000001, "bb_upper": 48.350321772275436, "bb_lower": 27.583178227724574, "volume": 17698036, "high_d": 44.32, "low_d": 42.1, "summary": "BUY", "error": null},