{"version": "1.0", "generated_at_utc": "2026-05-19 23:06:00", "core_holdings": ["WULF", "CIFR", "IREN", "SLNH", "BGDE", "BTBT"], "peers": ["CORZ", "HUT", "CLSK", "APLD", "MARA", "RIOT", "BTDR", "BITF", "HIVE"], "tickers": [{"ticker": "WULF", "ta": {"ticker": "WULF", "last_close": 21.34, "daily_change_pct": 0.9460737937559095, "rsi_d": 50.05122402132995, "rsi_w": 65.41134879807129, "macd_macd": 0.9471273181519777, "macd_signal": 1.330009977814624, "sma20": 22.170499999999997, "sma50": 18.925399999999996, "sma200": 14.181825000000009, "bb_upper": 25.217941385818666, "bb_lower": 19.12305861418133, "volume": 22700278, "high_d": 21.405, "low_d": 19.6, "summary": "NEUTRAL", "error": null}, "sentiment": {"ticker": "WULF", "stocktwits_bull": 17, "stocktwits_bear": 0, "stocktwits_total": 30, "reddit_mentions_7d": 0, "reddit_subs_breakdown": {"wallstreetbets": 0, "stocks": 0, "pennystocks": 0, "Bitcoin": 0, "CryptoCurrency": 0}, "error": "reddit: wallstreetbets: http 403,stocks: http 403,pennystocks: http 403,Bitcoin: http 403,CryptoCurrency: http 403"}, "scores": {"setup": 80, "pivot": 70, "hype_stage": "Building", "sentiment_label": "Heavy bullish"}}, {"ticker": "CIFR", "ta": {"ticker": "CIFR", "last_close": 18.8, "daily_change_pct": -1.673640167364018, "rsi_d": 49.417225334364545, "rsi_w": 56.6397912411284, "macd_macd": 0.8707665258763164, "macd_signal": 1.0824605819038884, "sma20": 19.43525, "sma50": 16.9225, "sma200": 15.293425, "bb_upper": 22.770173499872243, "bb_lower": 16.100326500127757, "volume": 19372629, "high_d": 19.125, "low_d": 17.62, "summary": "NEUTRAL", "error": null}, "sentiment": {"ticker": "CIFR", "stocktwits_bull": 6, "stocktwits_bear": 1, "stocktwits_total": 30, "reddit_mentions_7d": 0, "reddit_subs_breakdown": {"wallstreetbets": 0, "stocks": 0, "pennystocks": 0, "Bitcoin": 0, "CryptoCurrency": 0}, "error": "reddit: wallstreetbets: http 403,stocks: http 403,pennystocks: http 403,Bitcoin: http 403,CryptoCurrency: http 403"}, "scores": {"setup": 70, "pivot": 65, "hype_stage": "Building", "sentiment_label": "Heavy bullish"}}, {"ticker": "IREN", "ta": {"ticker": "IREN", "last_close": 47.74, "daily_change_pct": -5.390408244153782, "rsi_d": 46.71976216537346, "rsi_w": 52.64278829141474, "macd_macd": 2.252376297718911, "macd_signal": 3.1099963226176177, "sma20": 51.8775, "sma50": 45.17440000000006, "sma200": 44.19232500000001, "bb_upper": 62.42860586621135, "bb_lower": 41.32639413378865, "volume": 37483602, "high_d": 49.27, "low_d": 46, "summary": "SELL", "error": null}, "sentiment": {"ticker": "IREN", "stocktwits_bull": 11, "stocktwits_bear": 2, "stocktwits_total": 30, "reddit_mentions_7d": 0, "reddit_subs_breakdown": {"wallstreetbets": 0, "stocks": 0, "pennystocks": 0, "Bitcoin": 0, "CryptoCurrency": 0}, "error": "reddit: wallstreetbets: http 403,stocks: http 403,pennystocks: http 403,Bitcoin: http 403,CryptoCurrency: http 403"}, "scores": {"setup": 60, "pivot": 60, "hype_stage": "Building", "sentiment_label": "Bullish lean"}}, {"ticker": "SLNH", "ta": {"ticker": "SLNH", "last_close": 1.83, "daily_change_pct": -6.153846153846148, "rsi_d": 57.813263750179935, "rsi_w": 57.599867999685635, "macd_macd": 0.2555386791825556, "macd_signal": 0.235700724172662, "sma20": 1.6215, "sma50": 1.1454699999999993, "sma200": 1.4708524999999992, "bb_upper": 2.284682478658778, "bb_lower": 0.9583175213412218, "volume": 20001603, "high_d": 1.9, "low_d": 1.68, "summary": "BUY", "error": null}, "sentiment": {"ticker": "SLNH", "stocktwits_bull": 13, "stocktwits_bear": 2, "stocktwits_total": 30, "reddit_mentions_7d": 0, "reddit_subs_breakdown": {"wallstreetbets": 0, "stocks": 0, "pennystocks": 0, "Bitcoin": 0, "CryptoCurrency": 0}, "error": "reddit: wallstreetbets: http 403,stocks: http 403,pennystocks: http 403,Bitcoin: http 403,CryptoCurrency: http 403"}, "scores": {"setup": 95, "pivot": 80, "hype_stage": "Building", "sentiment_label": "Heavy bullish"}}, {"ticker": "BGDE", "ta": {"ticker": "BGDE", "last_close": 5.49, "daily_change_pct": -4.85268630849219, "rsi_d": 50.53183177866516, "rsi_w": 48.75233095955545, "macd_macd": 0.35732804163603493, "macd_signal": 0.45195756475975496, "sma20": 5.719000000000001, "sma50": 4.37732, "sma200": 7.983974299999999, "bb_upper": 7.435623429876207, "bb_lower": 4.002376570123795, "volume": 69983, "high_d": 5.8867, "low_d": 5.28, "summary": "SELL", "error": null}, "sentiment": {"ticker": "BGDE", "stocktwits_bull": 9, "stocktwits_bear": 0, "stocktwits_total": 30, "reddit_mentions_7d": 0, "reddit_subs_breakdown": {"wallstreetbets": 0, "stocks": 0, "pennystocks": 0, "Bitcoin": 0, "CryptoCurrency": 0}, "error": "reddit: wallstreetbets: http 403,stocks: http 403,pennystocks: http 403,Bitcoin: http 403,CryptoCurrency: http 403"}, "scores": {"setup": 65, "pivot": 20, "hype_stage": "Building", "sentiment_label": "Heavy bullish"}}, {"ticker": "BTBT", "ta": {"ticker": "BTBT", "last_close": 1.73, "daily_change_pct": 1.764705882352943, "rsi_d": 49.810935544012835, "rsi_w": 44.832017249028276, "macd_macd": 0.08338412411842056, "macd_signal": 0.09263928946964572, "sma20": 1.75025, "sma50": 1.5985000000000003, "sma200": 2.3587000000000007, "bb_upper": 2.1511299695669415, "bb_lower": 1.3493700304330587, "volume": 19666990, "high_d": 1.77, "low_d": 1.64, "summary": "SELL", "error": null}, "sentiment": {"ticker": "BTBT", "stocktwits_bull": 13, "stocktwits_bear": 0, "stocktwits_total": 30, "reddit_mentions_7d": 0, "reddit_subs_breakdown": {"wallstreetbets": 0, "stocks": 0, "pennystocks": 0, "Bitcoin": 0, "CryptoCurrency": 0}, "error": "reddit: wallstreetbets: http 403,stocks: http 403,pennystocks: http 403,Bitcoin: http 403,CryptoCurrency: http 403"}, "scores": {"setup": 55, "pivot": 20, "hype_stage": "Building", "sentiment_label": "Heavy bullish"}}, {"ticker": "CORZ", "ta": {"ticker": "CORZ", "last_close": 22.92, "daily_change_pct": -2.7577428935086914, "rsi_d": 57.42951515225899, "rsi_w": 64.04229460848616, "macd_macd": 1.3555571075698332, "macd_signal": 1.3715120055529912, "sma20": 22.123499999999996, "sma50": 19.089, "sma200": 17.34864999999999, "bb_upper": 25.330225900353888, "bb_lower": 18.916774099646105, "volume": 12490347, "high_d": 23.25, "low_d": 21.815, "summary": "BUY", "error": null}, "sentiment": {"ticker": "CORZ", "stocktwits_bull": 15, "stocktwits_bear": 0, "stocktwits_total": 30, "reddit_mentions_7d": 0, "reddit_subs_breakdown": {"wallstreetbets": 0, "stocks": 0, "pennystocks": 0, "Bitcoin": 0, "CryptoCurrency": 0}, "error": "reddit: wallstreetbets: http 403,stocks: http 403,pennystocks: http 403,Bitcoin: http 403,CryptoCurrency: http 403"}, "scores": {"setup": 85, "pivot": 75, "hype_stage": "Building", "sentiment_label": "Heavy bullish"}}, {"ticker": "HUT", "ta": {"ticker": "HUT", "last_close": 93.31, "daily_change_pct": -3.0041580041580045, "rsi_d": 56.103490634794035, "rsi_w": 73.87414317817249, "macd_macd": 9.33880358316236, "macd_signal": 9.854239360475255, "sma20": 89.715, "sma50": 69.86900000000001, "sma200": 49.792625000000015, "bb_upper": 117.25043353571893, "bb_lower": 62.17956646428108, "volume": 5234478, "high_d": 96, "low_d": 86.82, "summary": "BUY", "error": null}, "sentiment": {"ticker": "HUT", "stocktwits_bull": 4, "stocktwits_bear": 2, "stocktwits_total": 30, "reddit_mentions_7d": 0, "reddit_subs_breakdown": {"wallstreetbets": 0, "stocks": 0, "pennystocks": 0, "Bitcoin": 0, "CryptoCurrency": 0}, "error": "reddit: wallstreetbets: http 403,stocks: http 403,pennystocks: http 403,Bitcoin: http 403,CryptoCurrency: http 403"}, "scores": {"setup": 85, "pivot": 80, "hype_stage": "Building", "sentiment_label": "Bullish lean"}}, {"ticker": "CLSK", "ta": {"ticker": "CLSK", "last_close": 14.69, "daily_change_pct": 9.300595238095239, "rsi_d": 63.86057900436529, "rsi_w": 59.890767826677504, "macd_macd": 0.7870732212278977, "macd_signal": 0.8071357875970664, "sma20": 13.12549999999998, "sma50": 11.211599999999985, "sma200": 12.316600000000001, "bb_upper": 14.992416977265503, "bb_lower": 11.258583022734456, "volume": 34348442,