{"version": "1.0", "generated_at_utc": "2026-05-18 23:06:32", "core_holdings": ["WULF", "CIFR", "IREN", "SLNH", "BGDE", "BTBT"], "peers": ["CORZ", "HUT", "CLSK", "APLD", "MARA", "RIOT", "BTDR", "BITF", "HIVE"], "tickers": [{"ticker": "WULF", "ta": {"ticker": "WULF", "last_close": 21.14, "daily_change_pct": -5.2867383512544786, "rsi_d": 49.23020617664218, "rsi_w": 64.6476981185658, "macd_macd": 1.1261571506255628, "macd_signal": 1.4257306427302854, "sma20": 22.092, "sma50": 18.775599999999997, "sma200": 14.098925000000008, "bb_upper": 25.297742347725425, "bb_lower": 18.886257652274573, "volume": 31164524, "high_d": 21.69, "low_d": 20.26, "summary": "NEUTRAL", "error": null}, "sentiment": {"ticker": "WULF", "stocktwits_bull": 20, "stocktwits_bear": 1, "stocktwits_total": 30, "reddit_mentions_7d": 0, "reddit_subs_breakdown": {"wallstreetbets": 0, "stocks": 0, "pennystocks": 0, "Bitcoin": 0, "CryptoCurrency": 0}, "error": "reddit: wallstreetbets: http 403,stocks: http 403,pennystocks: http 403,Bitcoin: http 403,CryptoCurrency: http 403"}, "scores": {"setup": 70, "pivot": 65, "hype_stage": "Building", "sentiment_label": "Heavy bullish"}}, {"ticker": "CIFR", "ta": {"ticker": "CIFR", "last_close": 19.12, "daily_change_pct": -5.951795376291182, "rsi_d": 50.70047516295336, "rsi_w": 57.48912987165783, "macd_macd": 1.0492292808122663, "macd_signal": 1.1353840959107813, "sma20": 19.39725, "sma50": 16.8327, "sma200": 15.224075000000001, "bb_upper": 22.777275850492885, "bb_lower": 16.017224149507115, "volume": 22988306, "high_d": 20.06, "low_d": 17.85, "summary": "NEUTRAL", "error": null}, "sentiment": {"ticker": "CIFR", "stocktwits_bull": 8, "stocktwits_bear": 3, "stocktwits_total": 30, "reddit_mentions_7d": 0, "reddit_subs_breakdown": {"wallstreetbets": 0, "stocks": 0, "pennystocks": 0, "Bitcoin": 0, "CryptoCurrency": 0}, "error": "reddit: wallstreetbets: http 403,stocks: http 403,pennystocks: http 403,Bitcoin: http 403,CryptoCurrency: http 403"}, "scores": {"setup": 80, "pivot": 65, "hype_stage": "Building", "sentiment_label": "Bullish lean"}}, {"ticker": "IREN", "ta": {"ticker": "IREN", "last_close": 50.46, "daily_change_pct": -4.684548545523228, "rsi_d": 49.96172343574511, "rsi_w": 54.76705115148052, "macd_macd": 2.9380002387125117, "macd_signal": 3.3244013288422942, "sma20": 51.74899999999999, "sma50": 44.99640000000005, "sma200": 44.03062500000001, "bb_upper": 62.55798311590888, "bb_lower": 40.940016884091094, "volume": 42961894, "high_d": 53.11, "low_d": 48.48, "summary": "NEUTRAL", "error": null}, "sentiment": {"ticker": "IREN", "stocktwits_bull": 17, "stocktwits_bear": 0, "stocktwits_total": 30, "reddit_mentions_7d": 0, "reddit_subs_breakdown": {"wallstreetbets": 0, "stocks": 0, "pennystocks": 0, "Bitcoin": 0, "CryptoCurrency": 0}, "error": "reddit: wallstreetbets: http 403,stocks: http 403,pennystocks: http 403,Bitcoin: http 403,CryptoCurrency: http 403"}, "scores": {"setup": 70, "pivot": 65, "hype_stage": "Building", "sentiment_label": "Heavy bullish"}}, {"ticker": "SLNH", "ta": {"ticker": "SLNH", "last_close": 1.95, "daily_change_pct": -12.162162162162172, "rsi_d": 61.70934492684908, "rsi_w": 59.72388150459314, "macd_macd": 0.27534378040000407, "macd_signal": 0.2307412354201886, "sma20": 1.5955000000000001, "sma50": 1.1238719999999995, "sma200": 1.4638459999999993, "bb_upper": 2.264692797331233, "bb_lower": 0.926307202668767, "volume": 32936574, "high_d": 2.14, "low_d": 1.81, "summary": "BUY", "error": null}, "sentiment": {"ticker": "SLNH", "stocktwits_bull": 16, "stocktwits_bear": 6, "stocktwits_total": 30, "reddit_mentions_7d": 0, "reddit_subs_breakdown": {"wallstreetbets": 0, "stocks": 0, "pennystocks": 0, "Bitcoin": 0, "CryptoCurrency": 0}, "error": "reddit: wallstreetbets: http 403,stocks: http 403,pennystocks: http 403,Bitcoin: http 403,CryptoCurrency: http 403"}, "scores": {"setup": 85, "pivot": 80, "hype_stage": "Hot", "sentiment_label": "Bullish lean"}}, {"ticker": "BGDE", "ta": {"ticker": "BGDE", "last_close": 5.77, "daily_change_pct": -4.628099173553723, "rsi_d": 53.01010445738214, "rsi_w": 49.547450874693254, "macd_macd": 0.41922115884412037, "macd_signal": 0.47561494554068495, "sma20": 5.764000000000001, "sma50": 4.322519999999999, "sma200": 7.9981743, "bb_upper": 7.5013128676205545, "bb_lower": 4.026687132379448, "volume": 97449, "high_d": 6.3499, "low_d": 5.55, "summary": "NEUTRAL", "error": null}, "sentiment": {"ticker": "BGDE", "stocktwits_bull": 10, "stocktwits_bear": 0, "stocktwits_total": 30, "reddit_mentions_7d": 0, "reddit_subs_breakdown": {"wallstreetbets": 0, "stocks": 0, "pennystocks": 0, "Bitcoin": 0, "CryptoCurrency": 0}, "error": "reddit: wallstreetbets: http 403,stocks: http 403,pennystocks: http 403,Bitcoin: http 403,CryptoCurrency: http 403"}, "scores": {"setup": 75, "pivot": 40, "hype_stage": "Building", "sentiment_label": "Heavy bullish"}}, {"ticker": "BTBT", "ta": {"ticker": "BTBT", "last_close": 1.7, "daily_change_pct": -5.817174515235457, "rsi_d": 48.76306624579789, "rsi_w": 44.107623389927035, "macd_macd": 0.09948875978927707, "macd_signal": 0.09495308080745202, "sma20": 1.7412500000000002, "sma50": 1.5973000000000002, "sma200": 2.3636500000000003, "bb_upper": 2.1515166815621156, "bb_lower": 1.3309833184378848, "volume": 19756039, "high_d": 1.79, "low_d": 1.63, "summary": "SELL", "error": null}, "sentiment": {"ticker": "BTBT", "stocktwits_bull": 11, "stocktwits_bear": 2, "stocktwits_total": 30, "reddit_mentions_7d": 0, "reddit_subs_breakdown": {"wallstreetbets": 0, "stocks": 0, "pennystocks": 0, "Bitcoin": 0, "CryptoCurrency": 0}, "error": "reddit: wallstreetbets: http 403,stocks: http 403,pennystocks: http 403,Bitcoin: http 403,CryptoCurrency: http 403"}, "scores": {"setup": 70, "pivot": 35, "hype_stage": "Building", "sentiment_label": "Bullish lean"}}, {"ticker": "CORZ", "ta": {"ticker": "CORZ", "last_close": 23.57, "daily_change_pct": -2.64353572903759, "rsi_d": 61.42361900910554, "rsi_w": 66.57134421139787, "macd_macd": 1.4701152080972726, "macd_signal": 1.3755007300487807, "sma20": 22.016, "sma50": 18.933799999999998, "sma200": 17.29729999999999, "bb_upper": 25.252723034181376, "bb_lower": 18.77927696581862, "volume": 10514458, "high_d": 24.165, "low_d": 22.615, "summary": "BUY", "error": null}, "sentiment": {"ticker": "CORZ", "stocktwits_bull": 14, "stocktwits_bear": 0, "stocktwits_total": 30, "reddit_mentions_7d": 0, "reddit_subs_breakdown": {"wallstreetbets": 0, "stocks": 0, "pennystocks": 0, "Bitcoin": 0, "CryptoCurrency": 0}, "error": "reddit: wallstreetbets: http 403,stocks: http 403,pennystocks: http 403,Bitcoin: http 403,CryptoCurrency: http 403"}, "scores": {"setup": 90, "pivot": 90, "hype_stage": "Hot", "sentiment_label": "Heavy bullish"}}, {"ticker": "HUT", "ta": {"ticker": "HUT", "last_close": 96.2, "daily_change_pct": -6.118864057773003, "rsi_d": 58.97996763433082, "rsi_w": 77.03547581593138, "macd_macd": 10.412274884932856, "macd_signal": 9.983098304803478, "sma20": 88.8785, "sma50": 68.97760000000002, "sma200": 49.42497500000001, "bb_upper": 116.93775891751243, "bb_lower": 60.81924108248758, "volume": 5592540, "high_d": 101, "low_d": 92.502, "summary": "BUY", "error": null}, "sentiment": {"ticker": "HUT", "stocktwits_bull": 8, "stocktwits_bear": 3, "stocktwits_total": 30, "reddit_mentions_7d": 0, "reddit_subs_breakdown": {"wallstreetbets": 0, "stocks": 0, "pennystocks": 0, "Bitcoin": 0, "CryptoCurrency": 0}, "error": "reddit: wallstreetbets: http 403,stocks: http 403,pennystocks: http 403,Bitcoin: http 403,CryptoCurrency: http 403"}, "scores": {"setup": 100, "pivot": 95, "hype_stage": "Building", "sentiment_label": "Bullish lean"}}, {"ticker": "CLSK", "ta": {"ticker": "CLSK", "last_close": 13.44, "daily_change_pct": 2.517162471395882, "rsi_d": 56.85066102972339, "rsi_w": 56.38687576523296, "macd_macd": 0.7334505625638688, "macd_signal": 0.8121514291893586, "sma20": 12.966499999999979, "sma50": 11.109999999999987, "sma200": 12.29535, "bb_upper": 14.814929333245447,