{
  "fetched_at": "2026-06-12 01:19:39 UTC",
  "source": "yfinance-computed",
  "health": "amber",
  "primary_ok": false,
  "is_stale": false,
  "indicators_stale": true,
  "ta_valid": 0,
  "ind_valid": 14,
  "price_valid": 14,
  "universe_size": 15,
  "btc": {
    "last": 63367.8984375,
    "day_pct": 3.1222645603736554,
    "src": "yfinance"
  },
  "eth": {
    "last": 1667.0400390625,
    "day_pct": 2.8949603410686198,
    "src": "yfinance"
  },
  "eth_weekly_close": 1667.0400390625,
  "tickers": {
    "CIFR": {
      "last": 22.6299991607666,
      "src": "yfinance",
      "day_pct": 7.659365689539177,
      "p5": -11.428572068442389,
      "p1m": 12.811564123855202,
      "rsi_d": 51.628941691048,
      "rsi_w": 63.4084543424269,
      "macd_dir": "down",
      "ma_stack": 3,
      "setup": 70,
      "pivot": 65,
      "hype": "Building",
      "sent_label": "Heavy bullish",
      "stk_bull": 13,
      "stk_bear": 0,
      "stk_total": 30,
      "closes": [
        22.450000762939453,
        24.290000915527344,
        23.03499984741211,
        21.020000457763672,
        22.6299991607666
      ],
      "trail_high": 28.6200008392334
    },
    "IREN": {
      "last": 56.709999084472656,
      "src": "yfinance",
      "day_pct": 10.07375500891885,
      "p5": -8.325252950316187,
      "p1m": 0.26520103879006385,
      "rsi_d": 50.163284521868846,
      "rsi_w": 56.987562475242214,
      "macd_dir": "down",
      "ma_stack": 3,
      "setup": 70,
      "pivot": 65,
      "hype": "Building",
      "sent_label": "Heavy bullish",
      "stk_bull": 12,
      "stk_bear": 0,
      "stk_total": 30,
      "closes": [
        54.349998474121094,
        59.189998626708984,
        54.02000045776367,
        51.52000045776367,
        56.709999084472656
      ],
      "trail_high": 70.70700073242188
    },
    "SLNH": {
      "last": 1.4199999570846558,
      "src": "yfinance",
      "day_pct": 3.6496315432303694,
      "p5": -5.96026714880904,
      "p1m": -20.224720229856942,
      "rsi_d": 44.384072383527794,
      "rsi_w": 50.80584839312443,
      "macd_dir": "down",
      "ma_stack": 0,
      "setup": 35,
      "pivot": 30,
      "hype": "Building",
      "sent_label": "Heavy bullish",
      "stk_bull": 14,
      "stk_bear": 2,
      "stk_total": 30,
      "closes": [
        1.340000033378601,
        1.3700000047683716,
        1.4199999570846558,
        1.3700000047683716,
        1.4199999570846558
      ],
      "trail_high": 2.359999895095825
    },
    "BGDE": {
      "last": 7.190000057220459,
      "src": "yfinance",
      "day_pct": 12.695923640285422,
      "p5": -5.890049962424104,
      "p1m": 15.594860124567965,
      "rsi_d": 56.36970091988138,
      "rsi_w": 54.006301732524236,
      "macd_dir": "down",
      "ma_stack": 2,
      "setup": 65,
      "pivot": 50,
      "hype": "Building",
      "sent_label": "Heavy bullish",
      "stk_bull": 4,
      "stk_bear": 0,
      "stk_total": 30,
      "closes": [
        7.110000133514404,
        7.210000038146973,
        6.869999885559082,
        6.380000114440918,
        7.190000057220459
      ],
      "trail_high": 8.5
    },
    "BTBT": {
      "last": 1.7300000190734863,
      "src": "yfinance",
      "day_pct": 1.764704149899643,
      "p5": -6.486486660641766,
      "p1m": -11.734694622298758,
      "rsi_d": 45.880708977802556,
      "rsi_w": 44.41073076855247,
      "macd_dir": "down",
      "ma_stack": 1,
      "setup": 45,
      "pivot": 20,
      "hype": "Building",
      "sent_label": "Heavy bullish",
      "stk_bull": 10,
      "stk_bear": 1,
      "stk_total": 30,
      "closes": [
        1.6399999856948853,
        1.7799999713897705,
        1.7599999904632568,
        1.7000000476837158,
        1.7300000190734863
      ],
      "trail_high": 2.2200000286102295
    },
    "CORZ": {
      "last": 27.219999313354492,
      "src": "yfinance",
      "day_pct": 5.955619881239516,
      "p5": -2.472234101862947,
      "p1m": 19.438342342535364,
      "rsi_d": 57.97916642958191,
      "rsi_w": 72.13534500699778,
      "macd_dir": "down",
      "ma_stack": 4,
      "setup": 75,
      "pivot": 75,
      "hype": "Building",
      "sent_label": "Bullish lean",
      "stk_bull": 8,
      "stk_bear": 3,
      "stk_total": 30,
      "closes": [
        25.850000381469727,
        27.149999618530273,
        27.010000228881836,
        25.690000534057617,
        27.219999313354492
      ],
      "trail_high": 30.459999084472656
    },
    "HUT": {
      "last": 116.30999755859375,
      "src": "yfinance",
      "day_pct": 10.058665047995241,
      "p5": -8.962119901522525,
      "p1m": 8.386916601210249,
      "rsi_d": 55.385264632615346,
      "rsi_w": 77.16327659266082,
      "macd_dir": "down",
      "ma_stack": 4,
      "setup": 75,
      "pivot": 80,
      "hype": "Building",
      "sent_label": "Bullish lean",
      "stk_bull": 3,
      "stk_bear": 1,
      "stk_total": 30,
      "closes": [
        112.23999786376953,
        119.5999984741211,
        112.6500015258789,
        105.68000030517578,
        116.30999755859375
      ],
      "trail_high": 140.8000030517578
    },
    "CLSK": {
      "last": 16.170000076293945,
      "src": "yfinance",
      "day_pct": 8.523493223343737,
      "p5": -3.6352835839693176,
      "p1m": 20.044541616484302,
      "rsi_d": 53.890530393047996,
      "rsi_w": 59.44430967130029,
      "macd_dir": "down",
      "ma_stack": 3,
      "setup": 70,
      "pivot": 65,
      "hype": "Building",
      "sent_label": "Bullish lean",
      "stk_bull": 15,
      "stk_bear": 4,
      "stk_total": 30,
      "closes": [
        15.59000015258789,
        16.520000457763672,
        15.970000267028809,
        14.899999618530273,
        16.170000076293945
      ],
      "trail_high": 19.170000076293945
    },
    "APLD": {
      "last": 41.470001220703125,
      "src": "yfinance",
      "day_pct": 6.55190948542359,
      "p5": -6.070215656968614,
      "p1m": -5.599815769140393,
      "rsi_d": 49.42553416567872,
      "rsi_w": 59.889980830872574,
      "macd_dir": "down",
      "ma_stack": 3,
      "setup": 60,
      "pivot": 65,
      "hype": "Building",
      "sent_label": "Heavy bullish",
      "stk_bull": 23,
      "stk_bear": 0,
      "stk_total": 30,
      "closes": [
        39.619998931884766,
        40.94499969482422,
        41.90999984741211,
        38.91999816894531,
        41.470001220703125
      ],
      "trail_high": 50.724998474121094
    },
    "MARA": {
      "last": 13.609999656677246,
      "src": "yfinance",
      "day_pct": 7.8446892242131305,
      "p5": -1.9452482387428804,
      "p1m": 6.99685040066691,
      "rsi_d": 53.50308587926833,
      "rsi_w": 56.36825006394796,
      "macd_dir": "down",
      "ma_stack": 3,
      "setup": 70,
      "pivot": 60,
      "hype": "Building",
      "sent_label": "Bullish lean",
      "stk_bull": 9,
      "stk_bear": 2,
      "stk_total": 30,
      "closes": [
        12.319999694824219,
        13.779999732971191,
        13.3100004196167,
        12.619999885559082,
        13.609999656677246
      ],
      "trail_high": 15.319999694824219
    },
    "RIOT": {
      "last": 26.139999389648438,
      "src": "yfinance",
      "day_pct": 8.554815085004929,
      "p5": -4.841645274666895,
      "p1m": 6.650343311077811,
      "rsi_d": 56.80543183538531,
      "rsi_w": 67.80143639701032,
      "macd_dir": "down",
      "ma_stack": 4,
      "setup": 75,
      "pivot": 75,
      "hype": "Building",
      "sent_label": "Heavy bullish",
      "stk_bull": 3,
      "stk_bear": 0,
      "stk_total": 30,
      "closes": [
        24.65999984741211,
        25.690000534057617,
        25.295000076293945,
        24.079999923706055,
        26.139999389648438
      ],
      "trail_high": 28.940000534057617
    },
    "BTDR": {
      "last": 17.649999618530273,
      "src": "yfinance",
      "day_pct": 9.627324225684596,
      "p5": -10.086600238850973,
      "p1m": 37.56819737713546,