{
  "fetched_at": "2026-07-14 23:06:38 UTC",
  "source": "yfinance",
  "is_stale": false,
  "series": {
    "QTUM": [
      142.843491,
      141.735321,
      140.397537,
      145.199585,
      149.08316,
      153.186371,
      158.357788,
      156.251282,
      158.797073,
      159.485931,
      162.600769,
      168.481033,
      167.482681,
      166.214798,
      152.527451,
      157.479263,
      154.494202,
      150.740417,
      159.096573,
      161.033371,
      167.772217,
      162.011749,
      162.181458,
      167.692337,
      168.321304,
      163.069992,
      159.889999,
      160.240005,
      155.970001,
      160.809998,
      165.380005,
      160.360001,
      155.009995,
      156.940002,
      151.440002,
      152.470001,
      155.570007,
      154.460007,
      149.020004,
      149.845001
    ],
    "IONQ": [
      51.950001,
      49.310001,
      48.439999,
      52.470001,
      58.889999,
      63.639999,
      63.619999,
      65.400002,
      70.139999,
      72.07,
      69.279999,
      71.400002,
      68.230003,
      65.660004,
      56.779999,
      62.799999,
      56.689999,
      56.630001,
      57.990002,
      57.849998,
      61.18,
      56.060001,
      54.689999,
      56.549999,
      58.32,
      57.849998,
      53.599998,
      50.560001,
      49.310001,
      53.880001,
      53.259998,
      51.400002,
      49.119999,
      48.869999,
      45.360001,
      45.080002,
      44.77,
      42.860001,
      38.880001,
      39.290001
    ],
    "RGTI": [
      17.85,
      16.620001,
      15.96,
      16.879999,
      22.040001,
      26.42,
      25.065001,
      24.620001,
      27.030001,
      25.540001,
      25.629999,
      26.879999,
      24.094999,
      24.16,
      20.68,
      21.764999,
      19.690001,
      19.445,
      20.629999,
      20.98,
      22.700001,
      20.639999,
      20.245001,
      21.360001,
      21.379999,
      21.280001,
      19.530001,
      18.41,
      18.360001,
      19.440001,
      19.32,
      18.68,
      17.940001,
      17.959999,
      16.549999,
      16.92,
      16.99,
      16.540001,
      15.36,
      16.110001
    ],
    "QBTS": [
      20.35,
      19.059999,
      18.190001,
      19.299999,
      25.74,
      29.4,
      27.82,
      27.48,
      29.49,
      30.139999,
      29.18,
      29.91,
      27.549999,
      27.639999,
      23.85,
      25.83,
      23.52,
      23.25,
      23.82,
      23.370001,
      26.26,
      23.940001,
      22.92,
      24.690001,
      24.469999,
      25.030001,
      22.98,
      21.91,
      22.76,
      23.83,
      23.99,
      23.5,
      22.530001,
      22.559999,
      21.059999,
      20.639999,
      21.16,
      20.09,
      18.66,
      18.950001
    ],
    "QUBT": [
      10.505,
      9.715,
      9.22,
      9.56,
      11.41,
      12.31,
      11.68,
      11.42,
      12.24,
      11.96,
      12.39,
      12.25,
      11.2,
      11.19,
      9.955,
      10.45,
      9.505,
      9.53,
      9.91,
      9.93,
      11.1,
      10.12,
      9.77,
      10.76,
      10.54,
      10.49,
      9.7,
      9.09,
      9.18,
      9.92,
      9.7,
      9.43,
      9.05,
      9.37,
      8.69,
      8.75,
      9.15,
      8.66,
      8.0,
      8.32
    ],
    "BTQ": [
      2.93,
      2.82,
      2.73,
      2.82,
      3.38,
      3.78,
      4.04,
      3.89,
      4.74,
      4.82,
      4.54,
      4.59,
      4.24,
      4.83,
      4.07,
      4.305,
      4.065,
      4.17,
      4.4,
      4.16,
      5.35,
      5.33,
      5.89,
      5.675,
      4.44,
      5.87,
      5.505,
      5.42,
      5.14,
      5.57,
      5.39,
      5.3,
      4.82,
      4.62,
      4.17,
      3.96,
      3.81,
      3.72,
      3.53,
      3.45
    ],
    "ARQQ": [
      13.34,
      12.74,
      12.17,
      13.09,
      16.450001,
      17.49,
      16.59,
      16.1,
      16.91,
      16.51,
      16.959999,
      16.27,
      14.64,
      14.22,
      12.14,
      12.82,
      12.49,
      13.09,
      13.69,
      13.6,
      17.92,
      19.940001,
      22.6,
      24.379999,
      21.42,
      29.040001,
      28.639999,
      27.32,
      24.26,
      27.309999,
      29.719999,
      28.85,
      23.514999,
      22.129999,
      19.84,
      20.049999,
      20.469999,
      19.08,
      18.02,
      18.73
    ],
    "LAES": [
      2.87,
      2.79,
      2.71,
      2.85,
      3.27,
      3.38,
      3.56,
      3.48,
      3.72,
      3.48,
      3.55,
      3.71,
      3.46,
      3.65,
      3.2,
      3.22,
      3.08,
      3.04,
      3.2,
      3.1,
      3.37,
      3.07,
      3.01,
      3.12,
      3.1,
      3.34,
      3.23,
      3.17,
      3.12,
      3.21,
      3.15,
      3.1,
      3.03,
      3.0,
      2.8,
      2.84,
      2.87,
      2.8,
      2.71,
      2.72
    ],
    "ONE": [],
    "OONEF": [
      0.3,
      0.3,
      0.3,
      0.31,
      0.3,
      0.33,
      0.41,
      0.41,
      0.41,
      0.42,
      0.45,
      0.48,
      0.46,
      0.46,
      0.45,
      0.43,
      0.41,
      0.37,
      0.39,
      0.36,
      0.39,
      0.38,
      0.38,
      0.38,
      0.38,
      0.35,
      0.35,
      0.37,
      0.36,
      0.34,
      0.36,
      0.34,
      0.36,
      0.34,
      0.34,
      0.33,
      0.33,
      0.33,
      0.31,
      0.3106
    ],
    "SPY": [
      737.27063,
      736.751953,
      731.844604,
      739.345276,
      740.811462,
      743.723999,
      748.661316,
      748.531616,
      752.66095,
      754.536133,
      756.59082,
      757.618225,
      752.30188,
      755.144592,
      735.654785,
      737.320435,
      735.156067,
      723.565918,
      735.864258,
      739.843994,
      752.890381,
      748.401978,
      739.05603,
      746.73999,
      744.390015,
      733.580017,
      733.23999,
      734.299988,
      728.98999,
      741.0,
      746.77002,
      745.76001,
      744.780029,
      751.280029,
      747.710022,
      745.400024,
      751.710022,
      754.950012,
      749.169983,
      751.830017
    ],
    "XLV": [
      144.462891,
      145.080154,
      146.673141,
      146.483978,
      147.499481,
      149.231842,
      147.85791,
      148.136673,
      150.217514,
      148.81369,
      147.190842,
      145.757172,
      146.90213,
      151.412231,
      152.33815,
      151.979721,
      153.891312,
      152.178864,
      153.413406,
      153.134628,
      152.218674,
      152.268463,
      150.048248,
      148.743988,
      150.059998,
      152.179993,
      153.350006,
      155.630005,
      160.339996,
      160.740005,
      158.660004,
      159.539993,
      163.740005,
      161.960007,
      164.440002,
      162.300003,
      162.169998,
      160.839996,
      161.410004,
      158.289993
    ],
    "XLP": [
      84.056763,
      85.308083,
      85.496773,
      84.930695,
      84.07663,
      84.215668,
      83.053719,
      83.997177,
      83.848213,
      82.338692,
      81.464752,
      81.266129,
      81.593857,
      81.474678,
      82.865036,
      82.497581,
      83.520485,
      84.900909,
      84.682419,
      85.22863,
      84.890984,
      85.000214,
      83.103378,
      82.725998,
      82.18,
      83.720001,
      84.440002,
      83.940002,
      84.709999,
      84.370003,
      83.07,
      83.300003,
      84.989998,
      84.099998,
      84.860001,
      84.389999,
      83.199997,
      84.120003,
      84.589996,
      83.419998
    ],